prey_taxon,prey_kingdom,prey_class,prey_order,prey_family,prey_species
Ostracoda,Metazoa,Ostracoda,NA,NA,NA
fish_and_fish_remains,NA,NA,NA,NA,NA
fish_eggs,NA,NA,NA,NA,NA
terrestrial_insects_parts,NA,NA,NA,NA,NA
detritus,NA,NA,NA,NA,NA
insect_parts,NA,Mollicutes,Acholeplasmatales,Acholeplasmataceae,Insect BA phytoplasma
Fish scales,NA,NA,NA,NA,NA
terrestrial_insects_unkwon,NA,NA,NA,NA,NA
algae_and_plant_material_unknown,NA,NA,NA,NA,NA
detritus_and_other,NA,NA,NA,NA,NA
Diatoms,NA,NA,NA,NA,NA
chaetopoda,NA,NA,NA,NA,NA
Fish,NA,NA,NA,NA,NA
unidentified_debris,NA,NA,NA,NA,unidentified
thysanura_adult,NA,NA,NA,NA,NA
unidentified_plant_remains,NA,NA,NA,NA,unidentified
acarida,NA,NA,NA,NA,NA
fish_ova,NA,NA,NA,NA,NA
chironomidae_larvae,NA,NA,NA,NA,NA
moina_hutchinsoni,NA,NA,NA,NA,NA
diaphanosoma_leuchtenbergianum,NA,NA,NA,NA,NA
cypricercus_sp,NA,NA,NA,NA,NA
nodularia_sp,Metazoa,Bivalvia,Unionida,Unionidae,NA
plant_material,NA,NA,NA,NA,Plant DNA excision vector pX6-GFP
unknown_insects,NA,NA,NA,NA,unidentified
Miscellaneous,NA,NA,NA,NA,NA
ova_eggs,NA,NA,NA,NA,NA
insect_remains,NA,Mollicutes,Acholeplasmatales,Acholeplasmataceae,Insect BA phytoplasma
crustacea_remains,NA,NA,NA,NA,NA
terrestrial,NA,NA,NA,NA,NA
Algae,NA,NA,NA,NA,NA
adult_diptera,NA,NA,NA,NA,NA
Insect eggs,NA,Mollicutes,Acholeplasmatales,Acholeplasmataceae,Insect BA phytoplasma
anabaena_sp,NA,NA,Nostocales,Nostocaceae,NA
merismopedia_sp,NA,NA,Synechococcales,Merismopediaceae,NA
oscillatoria_sp_1_2_5_µm_5_µm,NA,NA,Oscillatoriales,Oscillatoriaceae,NA
oscillatoria_sp_2_3_2_µm_10_µm,NA,NA,Oscillatoriales,Oscillatoriaceae,NA
oscillatoria_sp_3,NA,NA,Oscillatoriales,Oscillatoriaceae,NA
amphora_sp_1,NA,Bacillariophyceae,Thalassiophysales,Catenulaceae,NA
amphora_sp_2,NA,Bacillariophyceae,Thalassiophysales,Catenulaceae,NA
amphora_sp_3,NA,Bacillariophyceae,Thalassiophysales,Catenulaceae,NA
cyclotella_sp,NA,Coscinodiscophyceae,Thalassiosirales,Stephanodiscaceae,NA
cymbella_sp_1,NA,Bacillariophyceae,Cymbellales,Cymbellaceae,NA
cocconeis_sp,NA,Bacillariophyceae,Cocconeidales,Cocconeidaceae,NA
cymatopleura_sp,NA,Bacillariophyceae,Surirellales,Surirellaceae,NA
diatoma_sp,NA,Fragilariophyceae,Fragilariales,Fragilariaceae,NA
gomphonema_sp,NA,Bacillariophyceae,Cymbellales,Gomphonemataceae,NA
gyrosigma_sp,NA,Bacillariophyceae,Naviculales,Pleurosigmataceae,NA
gyrosigma_sp_1,NA,Bacillariophyceae,Naviculales,Pleurosigmataceae,NA
navicula_sp_1,NA,Bacillariophyceae,Naviculales,Naviculaceae,NA
nitzschia_sigmoida,NA,NA,NA,NA,NA
nitzshia_sp,NA,NA,NA,NA,NA
fragilaria_sp_1_150_µm,NA,Fragilariophyceae,Fragilariales,Fragilariaceae,NA
fragilaria_sp_2_8_µm_215_µm,NA,Fragilariophyceae,Fragilariales,Fragilariaceae,NA
fragilaria_sp_3_8_320_µm,NA,Fragilariophyceae,Fragilariales,Fragilariaceae,NA
fragilaria_sp_4_10_µm_200_250_µm,NA,Fragilariophyceae,Fragilariales,Fragilariaceae,NA
fragilaria_sp_5_400_µm,NA,Fragilariophyceae,Fragilariales,Fragilariaceae,NA
fragilaria_sp_6_370_500_µm,NA,Fragilariophyceae,Fragilariales,Fragilariaceae,NA
frustulia_sp,NA,Bacillariophyceae,Naviculales,Amphipleuraceae,NA
melosira_sp,NA,Coscinodiscophyceae,Melosirales,Melosiraceae,NA
pinnularia_sp_1,NA,Bacillariophyceae,Naviculales,Pinnulariaceae,NA
pinnularia_sp_2,NA,Bacillariophyceae,Naviculales,Pinnulariaceae,NA
stauroneis_sp_1,NA,Bacillariophyceae,Naviculales,Stauroneidaceae,NA
stauroneis_sp_2,NA,Bacillariophyceae,Naviculales,Stauroneidaceae,NA
surirella_sp_1,NA,Bacillariophyceae,Surirellales,Surirellaceae,NA
surirella_sp_2,NA,Bacillariophyceae,Surirellales,Surirellaceae,NA
bacillariophyceae_50_m,NA,Bacillariophyceae,NA,NA,NA
vaucheria_sp,NA,Xanthophyceae,Vaucheriales,Vaucheriaceae,NA
fungus,NA,NA,NA,NA,NA
fish_aquatic,NA,NA,NA,NA,NA
unidentified_insects_terrestrial,NA,NA,NA,NA,unidentified
copepoda_gen_sp,NA,NA,NA,NA,NA
micronecta_sp,NA,NA,NA,NA,NA
esolus_spp,NA,NA,NA,NA,NA
orectochilus_sp,NA,NA,NA,NA,NA
fish_1,NA,NA,NA,NA,NA
Invertebrates,NA,NA,NA,NA,NA
terrestrial_arthropods,NA,NA,NA,NA,NA
conchostraca_ostracoda,NA,NA,NA,NA,NA
scales,NA,NA,NA,NA,NA
plant_debris,NA,NA,NA,NA,Plant DNA excision vector pX6-GFP
organic_matter,NA,NA,NA,NA,NA
damselfly_nymph,NA,NA,NA,NA,NA
damselfly_adult,NA,NA,NA,NA,NA
hydrachnida,NA,NA,NA,NA,NA
terrestria_coleoptera,NA,NA,NA,NA,NA
copepoda_undet,NA,NA,NA,NA,NA
fish_larvae,NA,NA,NA,NA,NA
fish_remains,NA,NA,NA,NA,NA
organic_mat_undet,NA,NA,NA,NA,NA
mytilopsis_leucopheata,NA,NA,NA,NA,NA
hydroids,NA,NA,NA,NA,NA
foraminifera,NA,NA,NA,NA,NA
algae_filamentous,NA,NA,NA,NA,NA
crustacea_undet,NA,NA,NA,NA,NA
copepoda_harpacticoid,NA,NA,NA,NA,NA
detritus_sand,NA,NA,NA,NA,NA
copepoda_arguloid,NA,NA,NA,NA,NA
penaeid_shrimp,NA,NA,NA,NA,NA
oscillatoriaceae,NA,NA,NA,NA,NA
nostoc_sp,NA,NA,NA,NA,NA
calothrix_sp,NA,NA,NA,NA,NA
hydrosera_sp,NA,NA,NA,NA,NA
hemerodromia_stellaris,NA,NA,NA,NA,NA
oxyethira_maya,NA,NA,NA,NA,NA
hyposmocoma_spp,NA,NA,NA,NA,NA
terrestrial_plants,NA,NA,NA,NA,NA
adult,NA,NA,NA,NA,NA
fish_parts,NA,NA,NA,NA,NA
plant_remains,NA,NA,NA,NA,Plant DNA excision vector pX6-GFP
anabaena,NA,NA,Nostocales,Nostocaceae,NA
nostoc,NA,NA,NA,NA,NA
protococcus,NA,NA,NA,NA,NA
melosira,NA,Coscinodiscophyceae,Melosirales,Melosiraceae,NA
navicula,NA,Bacillariophyceae,Naviculales,Naviculaceae,NA
unidentified_eggs_and_other_remains,NA,NA,NA,NA,unidentified
fish_entire,NA,NA,NA,NA,NA
surface_food,NA,NA,NA,NA,NA
worms,NA,NA,NA,NA,NA
fish_other,NA,NA,NA,NA,NA
hyphessobrycon_callistus,NA,NA,NA,NA,NA
aphyocharax_nasutus,NA,NA,NA,NA,NA
roeboides_paranensis,NA,NA,NA,NA,NA
schizodon_altoparanae,NA,NA,NA,NA,NA
cyphocharax_modesta,NA,NA,NA,NA,NA
calichthys_cafichthys,NA,NA,NA,NA,NA
not_identified,NA,NA,NA,NA,NA
cyanophyceae,NA,NA,NA,NA,NA
euglenophyceae,NA,NA,NA,NA,NA
algae_unknwon,NA,NA,NA,NA,NA
sporangium_pteridophyta,NA,NA,NA,NA,NA
higher_plants,NA,NA,NA,NA,NA
protista,NA,NA,NA,NA,NA
adult_insect_terrestrial,NA,NA,NA,NA,NA
adult_insect_aquatic,NA,NA,NA,NA,NA
adult_insect_unknown,NA,NA,NA,NA,NA
animal_materials_unknwon,NA,NA,NA,NA,NA
detritus_sediment,NA,NA,NA,NA,NA
pteridophyta,NA,NA,NA,NA,NA
centrales,NA,NA,NA,NA,NA
oscillatoria,NA,NA,Oscillatoriales,Oscillatoriaceae,NA
chironomidae_larvae_and_pupae,NA,NA,NA,NA,NA
culicidae_larvae,NA,NA,NA,NA,NA
testacea,NA,NA,NA,NA,NA
algae_and_plant_debris,NA,NA,NA,NA,NA
undetermined_copepods,NA,NA,NA,NA,NA
fragilaria,NA,Fragilariophyceae,Fragilariales,Fragilariaceae,NA
spirulina,NA,NA,NA,NA,NA
homoeothrix,NA,NA,NA,NA,NA
filamentous green algae,NA,NA,NA,NA,NA
green_algal_unicells,NA,NA,NA,NA,NA
unidentified_insect_larvae,NA,NA,NA,NA,unidentified
unidentified_insect_parts,NA,NA,NA,NA,unidentified
araneida,NA,NA,NA,NA,NA
pulmonata,NA,NA,NA,NA,NA
Tendipedidae,NA,NA,NA,NA,NA
unidentified_material,NA,NA,NA,NA,unidentified
indeterminate_aquatic_insects,NA,NA,NA,NA,NA
indeterminate_molluscs,NA,NA,NA,NA,NA
diatoms_flamentous_algae_with_substrate,NA,NA,NA,NA,NA
soil_debris_detritus,NA,NA,NA,NA,NA
algae_with_substrate,NA,NA,NA,NA,NA
soil_mud_sand,NA,NA,NA,NA,NA
bosmina_coregoni,NA,NA,NA,NA,NA
alona_rectangula,NA,NA,NA,NA,NA
gobioninae,NA,NA,NA,NA,NA
homalopterinae,NA,NA,NA,NA,NA
unidentified_fish,NA,NA,NA,NA,unidentified
limnoperna_lacustris,NA,NA,NA,NA,NA
unidentified_aquatic_insects,NA,NA,NA,NA,unidentified
roccus_americanus,NA,NA,NA,NA,NA
fish_debris,NA,NA,NA,NA,NA
algae_detritus,NA,NA,NA,NA,NA
chironomid_adults,NA,NA,NA,NA,NA
copepoda_copepodids,NA,NA,NA,NA,NA
iliocryptus_sordidus,NA,NA,NA,NA,NA
asplachna_sp,NA,NA,NA,NA,NA
larvae_chironomidae,NA,NA,NA,NA,NA
larvae_chaoborus,NA,NA,NA,NA,NA
larvae_trichoptera,NA,NA,NA,NA,NA
small_ostracoda,NA,NA,NA,Anelloviridae,Small anellovirus
detritus_substratum,NA,NA,NA,NA,NA
larvae_worms,NA,NA,NA,NA,NA
thallassius_massajae,NA,NA,NA,NA,NA
gastropod_eggs,NA,NA,NA,NA,NA
Baetis sp.,NA,NA,NA,NA,NA
tipulid_larvae,NA,NA,NA,NA,NA
limnaea_pereger,NA,NA,NA,NA,NA
trichoptera_larvae_unknown,NA,NA,NA,NA,NA
pisidiuml_sphaerium,NA,NA,NA,NA,NA
leptocerid_larvae,NA,NA,NA,NA,NA
fish_indet,NA,NA,NA,NA,NA
plant_matter,NA,NA,NA,NA,Plant DNA excision vector pX6-GFP
rice,NA,NA,NA,NA,NA
blue_green_algae,NA,NA,NA,NA,NA
mosquito_pupae,NA,NA,NA,Nodaviridae,Mosquito nodavirus MNV-1
unidentified_dipteran_larvae,NA,NA,NA,NA,unidentified
scales_of_fsh,NA,NA,NA,NA,NA
blue_filamentous_algae,NA,NA,NA,NA,NA
adult_liemiptera,NA,NA,NA,NA,NA
triehopteran_larvae,NA,NA,NA,NA,NA
fish_retnains,NA,NA,NA,NA,NA
green_filamentous_algae,NA,NA,NA,NA,NA
insect_fragment,NA,Mollicutes,Acholeplasmatales,Acholeplasmataceae,Insect BA phytoplasma
fish_remaining,NA,NA,NA,NA,NA
crustacea_isopoda_adult,NA,NA,NA,NA,NA
vegetative_tissue,NA,NA,NA,NA,NA
cyanophyceae_oscillatoria_sp,NA,NA,NA,NA,NA
dyctioptera_ootheca,NA,NA,NA,NA,NA
chroococcus,NA,NA,Chroococcales,Chroococcaceae,NA
merismopedia,NA,NA,Synechococcales,Merismopediaceae,NA
microcystis,NA,NA,Chroococcales,Microcystaceae,NA
arthrospira,NA,NA,Oscillatoriales,Microcoleaceae,NA
cymbella,NA,Bacillariophyceae,Cymbellales,Cymbellaceae,NA
nitzschia,NA,Bacillariophyceae,Bacillariales,Bacillariaceae,NA
pinnularia,NA,Bacillariophyceae,Naviculales,Pinnulariaceae,NA
algae_unicell_filament,NA,NA,NA,NA,NA
bacillariophyceae,NA,Bacillariophyceae,NA,NA,NA
Protozoa,NA,NA,NA,NA,NA
organic_matter_not_identified,NA,NA,NA,NA,NA
copepoda_larvae,NA,NA,NA,NA,NA
unident_terr_insect,NA,NA,NA,NA,NA
unident_aq_insect,NA,NA,NA,NA,NA
unident_fish,NA,NA,NA,NA,NA
fish_bone,NA,NA,NA,NA,NA
fish_fin,NA,NA,NA,NA,NA
unidentified_plant_parts,NA,NA,NA,NA,unidentified
unidentified_fruit_seed,NA,NA,NA,NA,unidentified
unidentified_animal_parts,NA,NA,NA,NA,unidentified
detritus_mud,NA,NA,NA,NA,NA
microcystis_sp,NA,NA,Chroococcales,Microcystaceae,NA
oscillatoria_sp,NA,NA,Oscillatoriales,Oscillatoriaceae,NA
green_algae_unicellular,NA,NA,NA,NA,NA
green_algae_filamentous,NA,NA,NA,NA,NA
navicula_sp,NA,Bacillariophyceae,Naviculales,Naviculaceae,NA
pinnularia_sp,NA,Bacillariophyceae,Naviculales,Pinnulariaceae,NA
nitzchia_sp,NA,NA,NA,NA,NA
Daphnia sp.,Metazoa,Branchiopoda,Diplostraca,Daphniidae,Daphnia sp.
Cambarus sp.,NA,NA,NA,NA,NA
Gyrinidae,Metazoa,Insecta,Coleoptera,Gyrinidae,NA
Arachnoids,NA,NA,NA,NA,NA
Ceratopogonidae,Metazoa,Insecta,Diptera,Ceratopogonidae,NA
Unidentified Diptera,NA,NA,NA,NA,unidentified
Chaoborus,Metazoa,Insecta,Diptera,Chaoboridae,NA
Entomostraca,NA,NA,NA,NA,NA
Organic  detritus,NA,NA,NA,NA,NA
Malacostraca,Metazoa,Malacostraca,NA,NA,NA
Cladocera eggs,Metazoa,Branchiopoda,Diplostraca,NA,NA
Cyclops viridis,NA,NA,NA,NA,NA
Cylops viridis eggs,NA,NA,NA,NA,NA
Polygonum seeds,Viridiplantae,Magnoliopsida,Caryophyllales,Polygonaceae,NA
Potamogeton,Viridiplantae,Magnoliopsida,Alismatales,Potamogetonaceae,NA
Corethra  sp,NA,NA,NA,NA,NA
Elodea leaves,Viridiplantae,Magnoliopsida,Alismatales,Hydrocharitaceae,NA
Hydrophilidae,Metazoa,Insecta,Coleoptera,Hydrophilidae,NA
Parasitic  flatworms,NA,NA,NA,NA,NA
Insect organs,NA,Mollicutes,Acholeplasmatales,Acholeplasmataceae,Insect BA phytoplasma
Vorticella,NA,Oligohymenophorea,Sessilida,Vorticellidae,NA
Ichneumon fly,Metazoa,Insecta,Hymenoptera,Ichneumonidae,NA
Mycetobia,Metazoa,Insecta,Diptera,Anisopodidae,NA
Damselfly,NA,NA,NA,NA,NA
Plant  tissue,NA,NA,NA,NA,Plant DNA excision vector pX6-GFP
Chara,Viridiplantae,Charophyceae,Charales,Characeae,NA
Cladocera sp,Metazoa,Branchiopoda,Diplostraca,NA,NA
Daphnia longispina,Metazoa,Branchiopoda,Diplostraca,Daphniidae,Daphnia longispina
Ephemeridae,Metazoa,Insecta,Ephemeroptera,Ephemeridae,NA
Sisyra,Metazoa,Insecta,Neuroptera,Sisyridae,NA
Chaetophora,NA,NA,NA,NA,NA
Fish flesh,NA,NA,NA,NA,NA
Formica,Metazoa,Insecta,Hymenoptera,Formicidae,NA
Haliplus  longulus,Metazoa,Insecta,Coleoptera,Haliplidae,Haliplus longulus
Hordeum jubatum seed,Viridiplantae,Magnoliopsida,Poales,Poaceae,Hordeum jubatum
Hydroporus sp,Metazoa,Insecta,Coleoptera,Dytiscidae,NA
Insect  legs,NA,Mollicutes,Acholeplasmatales,Acholeplasmataceae,Insect BA phytoplasma
"Potamogeton stems, leaves",Viridiplantae,Magnoliopsida,Alismatales,Potamogetonaceae,NA
Animal_tissue,NA,NA,NA,NA,NA
Arctiidae halisidota,Metazoa,Insecta,Lepidoptera,Erebidae,NA
Hydroporus,Metazoa,Insecta,Coleoptera,Dytiscidae,NA
Oxyethira,Metazoa,Insecta,Trichoptera,Hydroptilidae,NA
Incidentalmatter,NA,NA,NA,NA,NA
Gomphidae(Gomphus),NA,NA,NA,NA,NA
"






Coenagriidae",Metazoa,Insecta,Coleoptera,Dytiscidae,NA
Liumephilidae,NA,NA,NA,NA,NA
Aquatic  insects unknown,NA,NA,NA,NA,NA
Animal  remains,Metazoa,Insecta,Trichoptera,Hydroptilidae,NA
Epheineroptera,NA,NA,NA,NA,NA
Coenagrlidae,NA,NA,NA,NA,NA
Notonectidate (Notonecta),Metazoa,Insecta,Odonata,Gomphidae,NA
Belostomatidae,Metazoa,Insecta,Odonata,Aeshnidae,NA
Haliplidae,Metazoa,Insecta,Odonata,Libellulidae,NA
Limnephilidae,Metazoa,Insecta,Hemiptera,NA,NA
Notemigonus,Metazoa,Insecta,Hemiptera,Corixidae,NA
Benthicinsectlarvae,Metazoa,Insecta,Hemiptera,Belostomatidae,NA
OtherDiptem,Metazoa,Insecta,Coleoptera,Haliplidae,NA
Non-tanypodinae,Metazoa,Insecta,Trichoptera,Limnephilidae,NA
Hydropsyche,NA,NA,NA,NA,Plant DNA excision vector pX6-GFP
Glossosoma,Metazoa,Insecta,Ephemeroptera,Ephemerellidae,NA
Isogenus,NA,NA,NA,NA,unidentified
Tanypodinae,Metazoa,Insecta,Odonata,Gomphidae,NA
Tipulidae,Metazoa,Malacostraca,Amphipoda,Hyalellidae,NA
atherinoides,Metazoa,Insecta,Diptera,Tipulidae,NA
Cyprinidae,Metazoa,Insecta,Diptera,Tipulidae,NA
spp.,Metazoa,Actinopteri,Siluriformes,Ictaluridae,NA
Hesperocorixa,Metazoa,Actinopteri,Cypriniformes,Cyprinidae,NA
Polycentropodidae,NA,NA,NA,NA,NA
Leptohyphidae,Metazoa,Insecta,Diptera,Ceratopogonidae,NA
Stenelmis,NA,NA,NA,NA,NA
Scaphirhynchusspp.,NA,NA,NA,NA,NA
Digested material,Metazoa,Actinopteri,Siluriformes,Ictaluridae,Ictalurus punctatus
Echinogammarus sp.,Metazoa,Insecta,Coleoptera,Elmidae,NA
Procambarus clarkii,Metazoa,Insecta,Diptera,Empididae,NA
Nematocera exuviae,NA,NA,NA,NA,NA
Other insecta,Metazoa,Malacostraca,Amphipoda,Gammaridae,NA
Other invertebrates,Metazoa,Malacostraca,Decapoda,Cambaridae,Procambarus clarkii
Rutilus rutilus,Metazoa,Insecta,Diptera,NA,NA
Other fish,Metazoa,Insecta,Diptera,NA,NA
Camptocercus,Metazoa,Insecta,Diptera,NA,NA
Gainmarus,Metazoa,Actinopteri,Cypriniformes,Cyprinidae,Rutilus rutilus
Lampetra,Metazoa,Branchiopoda,Diplostraca,Chydoridae,NA
Dorosoma,Metazoa,Branchiopoda,Diplostraca,Daphniidae,NA
Unidentifed  fish,NA,NA,NA,NA,NA
chilopocla,Metazoa,Hyperoartia,Petromyzontiformes,Petromyzontidae,NA
Sceloporus,Metazoa,Actinopteri,Clupeiformes,Clupeidae,NA
Notemzgonus,NA,NA,NA,NA,NA
Geraniaceae,Metazoa,NA,Squamata,Phrynosomatidae,NA
Aphidae,Metazoa,Actinopteri,Centrarchiformes,Centrarchidae,NA
Hydracara,Viridiplantae,Magnoliopsida,Geraniales,Geraniaceae,NA
Tamarix  seed,NA,NA,NA,NA,NA
Other  animal,Metazoa,Chilopoda,NA,NA,NA
Baetis  spp.,NA,NA,NA,NA,NA
Tricorythodes  sp.,Viridiplantae,Magnoliopsida,Caryophyllales,Tamaricaceae,NA
Enteromorpha  sp.,Metazoa,Insecta,Ephemeroptera,Baetidae,NA
Cladophora  spp.,NA,NA,NA,NA,NA
Spirogyra  spp.,Metazoa,Insecta,Ephemeroptera,Leptohyphidae,NA
Drift  animal,Metazoa,Insecta,Trichoptera,Hydropsychidae,NA
Erpetogomphus  spp.,NA,NA,NA,NA,NA
Taenionema  sp.,Viridiplantae,Ulvophyceae,Ulvales,Ulvaceae,NA
Paralimna  sp.,Viridiplantae,Ulvophyceae,Cladophorales,Cladophoraceae,NA
Ephippia,Viridiplantae,Zygnemophyceae,Zygnematales,Zygnemataceae,NA
Vallisneria,Metazoa,Insecta,Plecoptera,Taeniopterygidae,NA
Hyacinth  roots,NA,NA,NA,NA,NA
Rhithropanopeus,Viridiplantae,Magnoliopsida,Alismatales,Hydrocharitaceae,NA
Chironomid Pupal Skins,NA,NA,NA,NA,Plant DNA excision vector pX6-GFP
Chironomid Tube Remains,Metazoa,Branchiopoda,Diplostraca,NA,NA
Diptera Small Green,Metazoa,Malacostraca,Decapoda,Portunidae,NA
Insect  Remains,Metazoa,Malacostraca,Decapoda,Panopeidae,NA
Crustacea (Unidentifed),NA,NA,NA,NA,NA
Fish  Remains,NA,NA,NA,NA,NA
Chironomid  Pupae,Metazoa,Insecta,Diptera,NA,NA
Mysidopsis  sp,NA,Mollicutes,Acholeplasmatales,Acholeplasmataceae,Insect BA phytoplasma
"Diptera  and






Hymenoptera",NA,NA,NA,NA,NA
Anispotera,NA,NA,NA,NA,NA
Diptera and Hymenoptera,NA,NA,NA,NA,NA
Other  Diptera,Metazoa,Malacostraca,Mysida,Mysidae,NA
Chirominae,NA,NA,NA,NA,NA
Cyclorhapha,Metazoa,Insecta,Hymenoptera,NA,NA
Ameletus,Metazoa,Insecta,Diptera,NA,NA
Gammaridae,Metazoa,Insecta,Diptera,Chironomidae,NA
Chironornidse,Metazoa,Insecta,Ephemeroptera,Ephemeridae,NA
Unidentifable  parts,Metazoa,Insecta,Ephemeroptera,Ameletidae,NA
Chironomidae  adults,Metazoa,Malacostraca,Isopoda,Asellidae,NA
Aquatic  Coleoptera,Metazoa,Malacostraca,Amphipoda,Gammaridae,NA
Plant  seeds,Metazoa,Insecta,Diptera,Chironomidae,NA
Ameiurus nebulosus,NA,NA,NA,NA,NA
Neogobius melanostomus,Metazoa,Insecta,Odonata,NA,NA
Orconectes propinquus,NA,NA,NA,NA,Plant DNA excision vector pX6-GFP
Micro-crustacea,Metazoa,Actinopteri,Siluriformes,Ictaluridae,Ameiurus nebulosus
Freshwater drum,Metazoa,Actinopteri,Amiiformes,Amiidae,Amia calva
Plant,Metazoa,Actinopteri,Gobiiformes,Gobiidae,Neogobius melanostomus
Misc.  Coleoptera,NA,NA,NA,NA,NA
"Gerridae,  Microvelia",NA,NA,NA,NA,NA
Mosquito,NA,NA,NA,NA,NA
Dorosoma pEtenense,Metazoa,Insecta,Hemiptera,Gerridae,NA
Dorosoma spp.,NA,NA,NA,NA,NA
Lepomis cyanellus,NA,NA,NA,Nodaviridae,Mosquito nodavirus MNV-1
Lepomis spp.,Metazoa,Actinopteri,Clupeiformes,Clupeidae,Dorosoma petenense
Pomoxis annularis,Metazoa,Actinopteri,Clupeiformes,Clupeidae,NA
Centrarchidae,Metazoa,Actinopteri,Centrarchiformes,Centrarchidae,Lepomis cyanellus
Ameiurus melas,Metazoa,Actinopteri,Centrarchiformes,Centrarchidae,Chaenobryttus gulosus
Ameiurus natalis,Metazoa,Actinopteri,Centrarchiformes,Centrarchidae,Lepomis humilis
Ictalurus furcatus,Metazoa,Actinopteri,Centrarchiformes,Centrarchidae,Lepomis megalotis
Ictalurus spp.,Metazoa,Actinopteri,Centrarchiformes,Centrarchidae,NA
Pylodictis olivaris,Metazoa,Actinopteri,Centrarchiformes,Centrarchidae,Pomoxis annularis
Ictaluridae,Metazoa,Actinopteri,Centrarchiformes,Centrarchidae,NA
Cyprinella lutrensis,Metazoa,Actinopteri,Siluriformes,Ictaluridae,Ameiurus melas
Cyprinella venusta,Metazoa,Actinopteri,Siluriformes,Ictaluridae,Ameiurus natalis
Cyprinus carpio,Metazoa,Actinopteri,Siluriformes,Ictaluridae,Ictalurus furcatus
Notropis buchanani,Metazoa,Actinopteri,Siluriformes,Ictaluridae,NA
Notropis shumardi,Metazoa,Actinopteri,Siluriformes,Ictaluridae,Pylodictis olivaris
Pimephales vigilax,Metazoa,Actinopteri,Siluriformes,Ictaluridae,NA
Carpoides carpio,Metazoa,Actinopteri,Cypriniformes,Cyprinidae,Cyprinella lutrensis
Ictiobus bubalus,Metazoa,Actinopteri,Cypriniformes,Cyprinidae,Cyprinella venusta
Lepisosteus sp.,Metazoa,Actinopteri,Cypriniformes,Cyprinidae,Cyprinus carpio
Percidae,Metazoa,Actinopteri,Cypriniformes,Cyprinidae,Notropis buchanani
Percina sciera,Metazoa,Actinopteri,Cypriniformes,Cyprinidae,Notropis shumardi
Percina spp.,Metazoa,Actinopteri,Cypriniformes,Cyprinidae,Pimephales vigilax
Atherinopsidae,NA,NA,NA,NA,NA
Macrobranchium,Metazoa,Actinopteri,Cypriniformes,Catostomidae,Ictiobus bubalus
Odonata Anisoptera,NA,NA,NA,NA,NA
Diptera Tipulidae,Metazoa,Actinopteri,Perciformes,Percidae,NA
Amphibia Anura,Metazoa,Actinopteri,Perciformes,Percidae,Percina sciera
Rodentia,Metazoa,Actinopteri,Perciformes,Percidae,NA
"Dipterous






",Metazoa,Insecta,Odonata,NA,NA
"Aquatic






nymphs






and






larvae",Metazoa,Insecta,Diptera,NA,NA
Lepidopterous,Metazoa,Amphibia,NA,NA,NA
Noturus gyrinus,Metazoa,Mammalia,Rodentia,NA,NA
Micropterus sp.,NA,NA,NA,NA,NA
Etheostoma spp.,NA,NA,NA,NA,NA
Lochmaeus manteo,NA,NA,NA,NA,NA
Unid. Insects,NA,NA,NA,NA,NA
Freshwater shrimp,Metazoa,Actinopteri,Siluriformes,Ictaluridae,Noturus gyrinus
Asellidae,Metazoa,Actinopteri,Centrarchiformes,Centrarchidae,NA
Brown  trout,Metazoa,Actinopteri,Perciformes,Percidae,NA
Central  mudminnow,Metazoa,Actinopteri,NA,Sciaenidae,Aplodinotus grunniens
Johnny  darter,Metazoa,Amphibia,Anura,Hylidae,Dryophytes cinereus
Shiner  spp.,Metazoa,Insecta,Coleoptera,Scarabaeidae,NA
Coleopterans,Metazoa,Insecta,Hemiptera,Cicadidae,NA
Ephemeropterans,Metazoa,Insecta,Lepidoptera,Notodontidae,Lochmaeus manteo
Odonates,NA,NA,NA,NA,NA
Frog,Metazoa,Malacostraca,Isopoda,Asellidae,NA
Total  Diptera,NA,NA,NA,NA,NA
Chrysomelidae,NA,NA,NA,NA,NA
Other macroinvert.,Metazoa,Phylactolaemata,NA,Pectinatellidae,NA
crustacea,Metazoa,NA,NA,NA,NA
Amphipoda,Metazoa,Malacostraca,Amphipoda,NA,NA
Decapoda,Metazoa,Malacostraca,Decapoda,NA,NA
Mysidacea,Metazoa,Malacostraca,NA,NA,NA
isopoda,Metazoa,Malacostraca,Isopoda,NA,NA
Cladocera,Metazoa,Branchiopoda,Diplostraca,NA,NA
Trichoptera,Metazoa,Insecta,Trichoptera,NA,NA
Coleoptera,Metazoa,Insecta,Coleoptera,NA,NA
Homoptera,Metazoa,Insecta,Hemiptera,NA,NA
Hemiptera,Metazoa,Insecta,Hemiptera,NA,NA
Hymenoptera,Metazoa,Insecta,Hymenoptera,NA,NA
gastropoda,Metazoa,Gastropoda,NA,NA,NA
Annelida,Metazoa,NA,NA,NA,NA
Acari,Metazoa,Arachnida,NA,NA,NA
georissidae,Metazoa,Insecta,Coleoptera,Georissidae,NA
psephenidae_larvae,Metazoa,Insecta,Coleoptera,Psephenidae,NA
Chironomidae,Metazoa,Insecta,Diptera,Chironomidae,NA
Baetidae,Metazoa,Insecta,Ephemeroptera,Baetidae,NA
Heptageniidae,Metazoa,Insecta,Ephemeroptera,Heptageniidae,NA
Corixidae,Metazoa,Insecta,Hemiptera,Corixidae,NA
sialidae,Metazoa,Insecta,Megaloptera,Sialidae,NA
Anisoptera,Metazoa,Insecta,Odonata,NA,NA
aeshnidae,Metazoa,Insecta,Odonata,Aeshnidae,NA
Zygoptera,Metazoa,Insecta,Odonata,NA,NA
Plecoptera,Metazoa,Insecta,Plecoptera,NA,NA
collembola,Metazoa,Collembola,NA,NA,NA
attelabidae,Metazoa,Insecta,Coleoptera,Attelabidae,NA
Araneae,Metazoa,Arachnida,Araneae,NA,NA
Formicidae,Metazoa,Insecta,Hymenoptera,Formicidae,NA
crambidae_larvae_terrestrial,Metazoa,Insecta,Lepidoptera,Crambidae,NA
orthoptera,Metazoa,Insecta,Orthoptera,NA,NA
Diptera,Metazoa,Insecta,Diptera,NA,NA
Ephemeroptera,Metazoa,Insecta,Ephemeroptera,NA,NA
Megaloptera,Metazoa,Insecta,Megaloptera,NA,NA
Odonata,Metazoa,Insecta,Odonata,NA,NA
diplopoda,Metazoa,Diplopoda,NA,NA,NA
ephemeroptera_larvae,Metazoa,Insecta,Ephemeroptera,NA,NA
plecoptera_larvae,Metazoa,Insecta,Plecoptera,NA,NA
Lepidoptera,Metazoa,Insecta,Lepidoptera,NA,NA
lepidoptera_pupae,Metazoa,Insecta,Lepidoptera,NA,NA
diptera_adult,Metazoa,Insecta,Diptera,NA,NA
hymenoptera_adult,Metazoa,Insecta,Hymenoptera,NA,NA
odonata_larvae,Metazoa,Insecta,Odonata,NA,NA
Arachnida,Metazoa,Arachnida,NA,NA,NA
Mollusca,Metazoa,NA,NA,NA,NA
chironomidae_pupae,Metazoa,Insecta,Diptera,Chironomidae,NA
chironomidae_adults,Metazoa,Insecta,Diptera,Chironomidae,NA
hyalella_azteca,Metazoa,Malacostraca,Amphipoda,Hyalellidae,Hyalella azteca
cyclops_vernalis,Metazoa,Hexanauplia,Cyclopoida,Cyclopidae,Acanthocyclops vernalis
alona_costala,Metazoa,Branchiopoda,Diplostraca,Chydoridae,Flavalona costata
cladophora_sp,Viridiplantae,Ulvophyceae,Cladophorales,Cladophoraceae,NA
reticulotermes_flavipes,Metazoa,Insecta,Blattodea,Rhinotermitidae,Reticulitermes flavipes
cyperaceae,Viridiplantae,Magnoliopsida,Poales,Cyperaceae,NA
Nematoda,Metazoa,NA,NA,NA,NA
physa_sp,Metazoa,Gastropoda,NA,Physidae,NA
Hydropsychidae,Metazoa,Insecta,Trichoptera,Hydropsychidae,NA
helicopsyche,Metazoa,Insecta,Trichoptera,Helicopsychidae,NA
Chironomus,Metazoa,Insecta,Diptera,Chironomidae,NA
Simulium,Metazoa,Insecta,Diptera,Simuliidae,NA
diptera_pupae,Metazoa,Insecta,Diptera,NA,NA
cambarus,Metazoa,Malacostraca,Decapoda,Cambaridae,NA
Pelecypoda,Metazoa,Bivalvia,NA,NA,NA
Hydracarina,Metazoa,Arachnida,Trombidiformes,NA,NA
Oligochaeta,Metazoa,Clitellata,NA,NA,NA
bryozoa_statoblasts,Metazoa,NA,NA,NA,NA
Gammarus,Metazoa,Malacostraca,Amphipoda,Gammaridae,NA
diptera_larvae_1_100_150_µm_head_length,Metazoa,Insecta,Diptera,NA,NA
diptera_larvae_2_800_900_µm_head_length,Metazoa,Insecta,Diptera,NA,NA
insecta_larvae,Metazoa,Insecta,NA,NA,NA
insecta_pupae,Metazoa,Insecta,NA,NA,NA
insecta_adult,Metazoa,Insecta,NA,NA,NA
hemiptera_pupae,Metazoa,Insecta,Hemiptera,NA,NA
oligochaeta_setae,Metazoa,Clitellata,NA,NA,NA
rotifera_keratella_sp,Metazoa,NA,NA,NA,NA
Copepoda,Metazoa,Hexanauplia,NA,NA,NA
ankistrodesmus_sp,Viridiplantae,Chlorophyceae,Sphaeropleales,Selenastraceae,NA
closterium_sp,Viridiplantae,Zygnemophyceae,Desmidiales,Closteriaceae,NA
Scenedesmus_sp_1,Viridiplantae,Chlorophyceae,Sphaeropleales,Scenedesmaceae,NA
pediastrum_sp,Viridiplantae,Chlorophyceae,Sphaeropleales,Hydrodictyaceae,NA
oedogonium_sp,Viridiplantae,Chlorophyceae,Oedogoniales,Oedogoniaceae,NA
desmidium_sp,Viridiplantae,Zygnemophyceae,Desmidiales,Desmidiaceae,NA
cosmarium_sp,Viridiplantae,Zygnemophyceae,Desmidiales,Desmidiaceae,NA
diptera_aquatic,Metazoa,Insecta,Diptera,NA,NA
ephemeroptera_aquatic,Metazoa,Insecta,Ephemeroptera,NA,NA
trichoptera_aquatic,Metazoa,Insecta,Trichoptera,NA,NA
diptera_terrestrial,Metazoa,Insecta,Diptera,NA,NA
coleoptera_terrestrial,Metazoa,Insecta,Coleoptera,NA,NA
dugesia_spp,Metazoa,Rhabditophora,Tricladida,Dugesiidae,NA
lumbriculidae,Metazoa,Clitellata,Lumbriculida,Lumbriculidae,NA
ancylus_fluviatilis,Metazoa,Gastropoda,NA,Ancylidae,Ancylus fluviatilis
hydracarina_gen_sp,Metazoa,Arachnida,Trombidiformes,NA,NA
baetis_spp,Metazoa,Insecta,Ephemeroptera,Baetidae,NA
ephemerella_spp,Metazoa,Insecta,Ephemeroptera,Ephemerellidae,NA
ecdyonurus_spp,Metazoa,Insecta,Ephemeroptera,Heptageniidae,NA
epeorus_spp,Metazoa,Insecta,Ephemeroptera,Heptageniidae,NA
habrophlebia_sp,Metazoa,Insecta,Ephemeroptera,Leptophlebiidae,NA
leuctra_geniculata,Metazoa,Insecta,Plecoptera,Leuctridae,Leuctra geniculata
perla_sp,Metazoa,Insecta,Plecoptera,Perlidae,NA
boyeria_irene,Metazoa,Insecta,Odonata,Aeshnidae,Boyeria irene
ophiogomphus_sp,Metazoa,Insecta,Odonata,Gomphidae,NA
aphelocheirus_aestivalis,Metazoa,Insecta,Hemiptera,Aphelocheiridae,NA
elmis_sp,Metazoa,Insecta,Coleoptera,Elmidae,NA
macronychus_sp,Metazoa,Insecta,Coleoptera,Elmidae,NA
oulimnius_sp,Metazoa,Insecta,Coleoptera,Elmidae,NA
hydraena_sp,Metazoa,Insecta,Coleoptera,Hydraenidae,NA
micrasema_sp,Metazoa,Insecta,Trichoptera,Brachycentridae,NA
hydropsyche_spp,Metazoa,Insecta,Trichoptera,Hydropsychidae,NA
lepidostoma_sp,Metazoa,Insecta,Trichoptera,Lepidostomatidae,NA
Leptoceridae,Metazoa,Insecta,Trichoptera,Leptoceridae,NA
allogamus_sp,Metazoa,Insecta,Trichoptera,Limnephilidae,NA
chimarra_marginata,Metazoa,Insecta,Trichoptera,Philopotamidae,NA
polycentropus_sp,Metazoa,Insecta,Trichoptera,Polycentropodidae,NA
rhyacophila_spp,Metazoa,Insecta,Trichoptera,Rhyacophilidae,NA
rhyacophila_spp_1,Metazoa,Insecta,Trichoptera,Rhyacophilidae,NA
Baetis,Metazoa,Insecta,Ephemeroptera,Baetidae,NA
Heptagenia,Metazoa,Insecta,Ephemeroptera,Heptageniidae,NA
neureclipsis,Metazoa,Insecta,Trichoptera,Polycentropodidae,NA
cyclops,Metazoa,Hexanauplia,Cyclopoida,Cyclopidae,NA
simocephalus,Metazoa,Branchiopoda,Diplostraca,Daphniidae,NA
Isonychia,Metazoa,Insecta,Ephemeroptera,Isonychiidae,NA
laccophilus,Metazoa,Insecta,Coleoptera,Dytiscidae,NA
Brachycentrus,Metazoa,Insecta,Trichoptera,Brachycentridae,NA
Gerridae,Metazoa,Insecta,Hemiptera,Gerridae,NA
corixidae_1,Metazoa,Insecta,Hemiptera,Corixidae,NA
gerridae_1,Metazoa,Insecta,Hemiptera,Gerridae,NA
ephemera,Metazoa,Insecta,Ephemeroptera,Ephemeridae,NA
dixidae_midge_larvae,Metazoa,Insecta,Diptera,Dixidae,NA
Ephoron,Metazoa,Insecta,Ephemeroptera,Polymitarcyidae,NA
potamanthus,Metazoa,Insecta,Ephemeroptera,Potamanthidae,NA
Dorosoma cepedianum,Metazoa,Actinopteri,Clupeiformes,Clupeidae,Dorosoma cepedianum
notropis_atherinoides,Metazoa,Actinopteri,Cypriniformes,Cyprinidae,Notropis atherinoides
aplodinatus_grunniens,Metazoa,Actinopteri,NA,Sciaenidae,Aplodinotus grunniens
notropis_volucellus,Metazoa,Actinopteri,Cypriniformes,Cyprinidae,Notropis volucellus
Lepomis macrochirus,Metazoa,Actinopteri,Centrarchiformes,Centrarchidae,Lepomis macrochirus
lamptera_aepyptera,Metazoa,Hyperoartia,Petromyzontiformes,Petromyzontidae,Lampetra aepyptera
morone_chrysops,Metazoa,Actinopteri,NA,Moronidae,Morone chrysops
Ambloplites rupestris,Metazoa,Actinopteri,Centrarchiformes,Centrarchidae,Ambloplites rupestris
nemouridae,Metazoa,Insecta,Plecoptera,Nemouridae,NA
Perlodidae,Metazoa,Insecta,Plecoptera,Perlodidae,NA
pyralidae,Metazoa,Insecta,Lepidoptera,Pyralidae,NA
psephenidae,Metazoa,Insecta,Coleoptera,Psephenidae,NA
Culicidae,Metazoa,Insecta,Diptera,Culicidae,NA
cestoda,Metazoa,Cestoda,NA,NA,NA
chironomidae_nonadult,Metazoa,Insecta,Diptera,Chironomidae,NA
trichoptera_nonadult,Metazoa,Insecta,Trichoptera,NA,NA
isoptera,Metazoa,Insecta,Blattodea,NA,NA
cladocera_copepoda,Metazoa,Branchiopoda,Diplostraca,NA,NA
mollusca_gastropoda_bivalvia,Metazoa,NA,NA,NA,NA
salmo_trutta,Metazoa,Actinopteri,Salmoniformes,Salmonidae,Salmo trutta
thysanoptera,Metazoa,Insecta,Thysanoptera,NA,NA
Rotifera,Metazoa,NA,NA,NA,NA
rangia cuneata,Metazoa,Bivalvia,Veneroida,Mactridae,Rangia cuneata
vertebrata,Metazoa,NA,NA,NA,NA
gobiosoma_bosci,Metazoa,Actinopteri,Gobiiformes,Gobiidae,Gobiosoma bosc
penaeus,Metazoa,Malacostraca,Decapoda,Penaeidae,NA
rithropanopeus_harrisii,Metazoa,Malacostraca,Decapoda,Panopeidae,Rhithropanopeus harrisii
callinectes_sapidus,Metazoa,Malacostraca,Decapoda,Portunidae,Callinectes sapidus
anchoa_mitchilli,Metazoa,Actinopteri,Clupeiformes,Engraulidae,Anchoa mitchilli
cyprinodon_variegatus,Metazoa,Actinopteri,Cyprinodontiformes,Cyprinodontidae,Cyprinodon variegatus
Gambusia affinis,Metazoa,Actinopteri,Cyprinodontiformes,Poeciliidae,Gambusia affinis
micropogon_undulatus,Metazoa,Actinopteri,NA,Sciaenidae,Micropogonias undulatus
myrophis_sp,Metazoa,Actinopteri,Anguilliformes,Ophichthidae,NA
syngnathus_sp,Metazoa,Actinopteri,Syngnathiformes,Syngnathidae,NA
palaemonetes_sp,Metazoa,Malacostraca,Decapoda,Palaemonidae,NA
macrobrachium_ohione,Metazoa,Malacostraca,Decapoda,Palaemonidae,Macrobrachium ohione
insecta_diptera,Metazoa,Insecta,NA,NA,NA
cirripedia,Metazoa,Hexanauplia,NA,NA,NA
palaemonidae,Metazoa,Malacostraca,Decapoda,Palaemonidae,NA
insecta_undet,Metazoa,Insecta,NA,NA,NA
penaeus_setiferus,Metazoa,Malacostraca,Decapoda,Penaeidae,Penaeus setiferus
callianassa_sp,Metazoa,Malacostraca,Decapoda,Callianassidae,NA
citharichthys_spilopterus,Metazoa,Actinopteri,Pleuronectiformes,Paralichthyidae,Citharichthys spilopterus
Menidia beryllina,Metazoa,Actinopteri,Atheriniformes,Atherinopsidae,Menidia beryllina
cynoscion,Metazoa,Actinopteri,NA,Sciaenidae,NA
mollienesia_latipinna,Metazoa,Actinopteri,Cyprinodontiformes,Poeciliidae,Poecilia latipinna
Palaemonetes,Metazoa,Malacostraca,Decapoda,Palaemonidae,NA
penaeus_sp,Metazoa,Malacostraca,Decapoda,Penaeidae,NA
bivalvia,Metazoa,Bivalvia,NA,NA,NA
nematodes,Metazoa,Insecta,Coleoptera,Eucnemidae,NA
clarias_sp,Metazoa,Actinopteri,Siluriformes,Clariidae,NA
cephalopods,Metazoa,Cephalopoda,NA,NA,NA
rhizoclonium_sp,Viridiplantae,Ulvophyceae,Cladophorales,Cladophoraceae,NA
ulothrix_sp,Viridiplantae,Ulvophyceae,Ulotrichales,Ulotrichaceae,NA
spirogyra_sp,Viridiplantae,Zygnemophyceae,Zygnematales,Zygnemataceae,NA
rivularia_sp,Metazoa,Gastropoda,Architaenioglossa,Viviparidae,NA
scatella_spp,Metazoa,Insecta,Diptera,Ephydridae,NA
procanace_spp,Metazoa,Insecta,Diptera,Canacidae,NA
limonia_spp,Metazoa,Insecta,Diptera,Limoniidae,NA
hydroptila_arctia,Metazoa,Insecta,Trichoptera,Hydroptilidae,Hydroptila arctia
diptera_immature,Metazoa,Insecta,Diptera,NA,NA
aegla_sp,Metazoa,Malacostraca,Decapoda,Aeglidae,NA
perciformes,Metazoa,Actinopteri,Perciformes,NA,NA
synbranchiformes,Metazoa,Actinopteri,Synbranchiformes,NA,NA
siluriformes,Metazoa,Actinopteri,Siluriformes,NA,NA
characiformes,Metazoa,Actinopteri,Characiformes,NA,NA
mammalia_rodentia,Metazoa,Mammalia,NA,NA,NA
eudorina,Viridiplantae,Chlorophyceae,Chlamydomonadales,Volvocaceae,NA
Volvox,Viridiplantae,Chlorophyceae,Chlamydomonadales,Volvocaceae,NA
scenedesmus,Viridiplantae,Chlorophyceae,Sphaeropleales,Scenedesmaceae,NA
closterium,Viridiplantae,Zygnemophyceae,Desmidiales,Closteriaceae,NA
keratella_cochlearis,Metazoa,Monogononta,Ploima,Brachionidae,Keratella cochlearis
chaoborus_larvae,Metazoa,Insecta,Diptera,Chaoboridae,NA
bosmina_longirostris,Metazoa,Branchiopoda,Diplostraca,Bosminidae,NA
cyclestheria_hislopi,Metazoa,Branchiopoda,Diplostraca,Cyclestheriidae,Cyclestheria hislopi
caridina_sp,Metazoa,Malacostraca,Decapoda,Atyidae,NA
diaphanosoma_excisum_sars,Metazoa,Branchiopoda,Diplostraca,Sididae,Diaphanosoma excisum
mesocyclops_leuckarti,Metazoa,Hexanauplia,Cyclopoida,Cyclopidae,Mesocyclops leuckarti
radix_peregra,Metazoa,Gastropoda,NA,Lymnaeidae,Peregriana peregra
clupeidae,Metazoa,Actinopteri,Clupeiformes,Clupeidae,NA
cypriniformes,Metazoa,Actinopteri,Cypriniformes,NA,NA
characiformes_characidae,Metazoa,Actinopteri,Characiformes,NA,NA
tetragonopterinae,Metazoa,Actinopteri,Characiformes,Characidae,NA
astyanax_bimaculatus,Metazoa,Actinopteri,Characiformes,Characidae,Astyanax bimaculatus
btyconamericus_stramineus,Metazoa,Actinopteri,Characiformes,Characidae,Bryconamericus stramineus
moenkhausia_intermedia,Metazoa,Actinopteri,Characiformes,Characidae,Moenkhausia intermedia
cheirodontinae,Metazoa,Actinopteri,Characiformes,Characidae,NA
cheirodon_notomefas,Metazoa,Actinopteri,Characiformes,Characidae,Serrapinnus notomelas
acestrorhynchus_lacustris,Metazoa,Actinopteri,Characiformes,Acestrorhynchidae,Acestrorhynchus lacustris
characidium_fasciatum,Metazoa,Actinopteri,Characiformes,Crenuchidae,Characidium fasciatum
serrasalmus_marginatus,Metazoa,Actinopteri,Characiformes,Serrasalmidae,Serrasalmus marginatus
anostomidae,Metazoa,Actinopteri,Characiformes,Anostomidae,NA
leporinus_obtusidens,Metazoa,Actinopteri,Characiformes,Anostomidae,Megaleporinus obtusidens
steindachnerina_insculpta,Metazoa,Actinopteri,Characiformes,Curimatidae,Steindachnerina insculpta
prochilodus_lineatus,Metazoa,Actinopteri,Characiformes,Prochilodontidae,Prochilodus lineatus
hoplias_malabaricus,Metazoa,Actinopteri,Characiformes,Erythrinidae,Hoplias malabaricus
rhaphiodon_vulpinus,Metazoa,Actinopteri,Characiformes,Characidae,Rhaphiodon vulpinus
gymnotus_carapo,Metazoa,Actinopteri,Gymnotiformes,Gymnotidae,Gymnotus carapo
eigenmannia_cf_triineata,Metazoa,Actinopteri,Gymnotiformes,Sternopygidae,Eigenmannia trilineata
apteronotus_alb_irons,Metazoa,Actinopteri,Gymnotiformes,Apteronotidae,NA
apteronotus_spp,Metazoa,Actinopteri,Gymnotiformes,Apteronotidae,NA
rhamphychthys_rostratus,Metazoa,Actinopteri,Gymnotiformes,Rhamphichthyidae,Rhamphichthys rostratus
doradidae,Metazoa,Actinopteri,Siluriformes,Doradidae,NA
pterodoras_granulosus,Metazoa,Actinopteri,Siluriformes,Doradidae,Pterodoras granulosus
trachydoras_paraguayensis,Metazoa,Actinopteri,Siluriformes,Doradidae,Trachydoras paraguayensis
auchenipteridae,Metazoa,Actinopteri,Siluriformes,Auchenipteridae,NA
parauchenipterus_galeatus,Metazoa,Actinopteri,Siluriformes,Auchenipteridae,Trachelyopterus galeatus
pimelodidae,Metazoa,Actinopteri,Siluriformes,Pimelodidae,NA
pimelodella_grad_is,Metazoa,Actinopteri,Siluriformes,Heptapteridae,NA
callichthyidae,Metazoa,Actinopteri,Siluriformes,Callichthyidae,NA
corydoras_aeneus,Metazoa,Actinopteri,Siluriformes,Callichthyidae,Corydoras aeneus
hypostomus_spp,Metazoa,Actinopteri,Siluriformes,Loricariidae,NA
loricarfchthys_platymetopon,Metazoa,Actinopteri,Siluriformes,Loricariidae,Loricariichthys platymetopon
synbranchus_marmoratus,Metazoa,Actinopteri,Synbranchiformes,Synbranchidae,Synbranchus marmoratus
plagioscion_squamosissimus,Metazoa,Actinopteri,NA,Sciaenidae,Plagioscion squamosissimus
ctenicichla_britskii,Metazoa,Actinopteri,Cichliformes,Cichlidae,Crenicichla britskii
cichlasoma_paranaense,Metazoa,Actinopteri,Cichliformes,Cichlidae,Cichlasoma paranaense
macrobrachium_amazonicum,Metazoa,Malacostraca,Decapoda,Palaemonidae,Macrobrachium amazonicum
Chlorophyceae,Viridiplantae,Chlorophyceae,NA,NA,NA
acarinae,Metazoa,Arachnida,Sarcoptiformes,Acaridae,NA
bryophyta,Viridiplantae,NA,NA,NA,NA
Spirogyra,Viridiplantae,Zygnemophyceae,Zygnematales,Zygnemataceae,NA
diptera_larvae_and_pupae,Metazoa,Insecta,Diptera,NA,NA
ceratopogonidae_larvae,Metazoa,Insecta,Diptera,Ceratopogonidae,NA
chaoboridae_larvae,Metazoa,Insecta,Diptera,Chaoboridae,NA
Simuliidae,Metazoa,Insecta,Diptera,Simuliidae,NA
hemiptera_44,Metazoa,Insecta,Hemiptera,NA,NA
Neuroptera,Metazoa,Insecta,Neuroptera,NA,NA
Bryozoa,Metazoa,NA,NA,NA,NA
hemiptera_61,Metazoa,Insecta,Hemiptera,NA,NA
Atyaephyra desmaresti,Metazoa,Malacostraca,Decapoda,Atyidae,Atyaephyra desmarestii
odonata_undet,Metazoa,Insecta,Odonata,NA,NA
plecoptera_nymphs,Metazoa,Insecta,Plecoptera,NA,NA
Heteroptera,Metazoa,Insecta,Hemiptera,NA,NA
megaloptera_larvae,Metazoa,Insecta,Megaloptera,NA,NA
gambusia_holbrooki,Metazoa,Actinopteri,Cyprinodontiformes,Poeciliidae,Gambusia holbrooki
diptera_pupae_adult,Metazoa,Insecta,Diptera,NA,NA
odonata_newt,Metazoa,Insecta,Odonata,NA,NA
plecoptera_newt,Metazoa,Insecta,Plecoptera,NA,NA
psocoptera,Metazoa,Insecta,Psocoptera,NA,NA
gordioidea,Metazoa,Gordioida,Gordea,NA,NA
diptera_nymphs,Metazoa,Insecta,Diptera,NA,NA
ectoprocta_statoblasts,Metazoa,NA,NA,NA,NA
spongillidae_gemmules,Metazoa,Demospongiae,Spongillida,Spongillidae,NA
lymnaea,Metazoa,Gastropoda,NA,Lymnaeidae,NA
valvata,Metazoa,Gastropoda,NA,Valvatidae,NA
theodoxus,Metazoa,Gastropoda,Cycloneritida,Neritidae,NA
potamopyrgus,Metazoa,Gastropoda,Littorinimorpha,Tateidae,NA
mollusca_indeterminate,Metazoa,NA,NA,NA,NA
sphaerium,Metazoa,Bivalvia,Veneroida,Sphaeriidae,NA
fontinalis,Viridiplantae,Bryopsida,Hypnales,Fontinalaceae,NA
ranunculus,Viridiplantae,Magnoliopsida,Ranunculales,Ranunculaceae,NA
daphnia_hyalina,Metazoa,Branchiopoda,Diplostraca,Daphniidae,NA
alona_sp,Metazoa,Branchiopoda,Diplostraca,Chydoridae,NA
daphnia_sp,Metazoa,Branchiopoda,Diplostraca,Daphniidae,NA
chydorus_sphaericus,Metazoa,Branchiopoda,Diplostraca,Chydoridae,Chydorus sphaericus
hymenoptera_larvae,Metazoa,Insecta,Hymenoptera,NA,NA
sphaeriidae,Metazoa,Bivalvia,Veneroida,Sphaeriidae,NA
Planorbidae,Metazoa,Gastropoda,NA,Planorbidae,NA
botiinae,Metazoa,Actinopteri,Cypriniformes,Botiidae,NA
siluridae,Metazoa,Actinopteri,Siluriformes,Siluridae,NA
gobiidae,Metazoa,Actinopteri,Gobiiformes,Gobiidae,NA
polychaeta,Metazoa,Polychaeta,NA,NA,NA
Corydalidae,Metazoa,Insecta,Megaloptera,Corydalidae,NA
Alosa pseudoharengus,Metazoa,Actinopteri,Clupeiformes,Clupeidae,Alosa pseudoharengus
lucania_parva,Metazoa,Actinopteri,Cyprinodontiformes,Fundulidae,Lucania parva
fundulus_sp,Metazoa,Actinopteri,Cyprinodontiformes,Fundulidae,NA
fundulus_diaphanus,Metazoa,Actinopteri,Cyprinodontiformes,Fundulidae,Fundulus diaphanus
fundulus_heteroclitus,Metazoa,Actinopteri,Cyprinodontiformes,Fundulidae,Fundulus heteroclitus
fundulus_majalis,Metazoa,Actinopteri,Cyprinodontiformes,Fundulidae,Fundulus majalis
menidia_spp,Metazoa,Actinopteri,Atheriniformes,Atherinopsidae,NA
perca_favescens,Metazoa,Actinopteri,Perciformes,Percidae,Perca flavescens
Lepomis gibbosus,Metazoa,Actinopteri,Centrarchiformes,Centrarchidae,Lepomis gibbosus
Ruppia,Viridiplantae,Magnoliopsida,Alismatales,Cymodoceaceae,NA
potamocypris,Metazoa,Ostracoda,Podocopida,Cyprididae,NA
ochthebius,Metazoa,Insecta,Coleoptera,Hydraenidae,NA
cyprinodon_eggs,Metazoa,Actinopteri,Cyprinodontiformes,Cyprinodontidae,NA
tabanus_larvae,Metazoa,Insecta,Diptera,Tabanidae,NA
diaphanosoma_sp,Metazoa,Branchiopoda,Diplostraca,Sididae,NA
sida_crystallina,Metazoa,Branchiopoda,Diplostraca,Sididae,Sida crystallina
moina_sp,Metazoa,Branchiopoda,Diplostraca,Moinidae,NA
ceriodaphnia_pulchella,Metazoa,Branchiopoda,Diplostraca,Daphniidae,Ceriodaphnia pulchella
leptodora_kindtii,Metazoa,Branchiopoda,Diplostraca,Leptodoridae,Leptodora kindtii
brachionus_sp,Metazoa,Monogononta,Ploima,Brachionidae,NA
keratella_quadrata,Metazoa,Monogononta,Ploima,Brachionidae,Keratella quadrata
lamellibranchiata,Metazoa,Bivalvia,NA,NA,NA
zygoptera_larvae,Metazoa,Insecta,Odonata,NA,NA
daphniidae,Metazoa,Branchiopoda,Diplostraca,Daphniidae,NA
cloeon,Metazoa,Insecta,Ephemeroptera,Baetidae,NA
bezzia,Metazoa,Insecta,Diptera,Ceratopogonidae,NA
appasus,Metazoa,Insecta,Hemiptera,Belostomatidae,NA
leptocerus,Metazoa,Insecta,Trichoptera,Leptoceridae,NA
anax,Metazoa,Insecta,Odonata,Aeshnidae,NA
lestes,Metazoa,Insecta,Odonata,Lestidae,NA
ischnura,Metazoa,Insecta,Odonata,Coenagrionidae,NA
africallagma,Metazoa,Insecta,Odonata,Coenagrionidae,NA
potamonautes_sidneyi,Metazoa,Malacostraca,Decapoda,Potamonautidae,Potamonautes sidneyi
palaemon_capensis,Metazoa,Malacostraca,Decapoda,Palaemonidae,Palaemon capensis
hymenoptera_adults,Metazoa,Insecta,Hymenoptera,NA,NA
hydroptila_sp_larvae,Metazoa,Insecta,Trichoptera,Hydroptilidae,NA
hydropsyche_sp_larvae,Metazoa,Insecta,Trichoptera,Hydropsychidae,NA
ephemerella_ignita_nymphs,Metazoa,Insecta,Ephemeroptera,Ephemerellidae,Serratella ignita
gammarus_pulex,Metazoa,Malacostraca,Amphipoda,Gammaridae,Gammarus pulex
sialis_larvae,Metazoa,Insecta,Megaloptera,Sialidae,NA
mollusca_indet,Metazoa,NA,NA,NA,NA
ephemeroptera_nymphs_unknown,Metazoa,Insecta,Ephemeroptera,NA,NA
rhyacophila_sp_larvae,Metazoa,Insecta,Trichoptera,Rhyacophilidae,NA
asellus_sp,Metazoa,Malacostraca,Isopoda,Asellidae,NA
valvata_piscinalis,Metazoa,Gastropoda,NA,Valvatidae,Valvata piscinalis
planorbis_spp,Metazoa,Gastropoda,NA,Planorbidae,NA
phryganea_sp_larvae,Metazoa,Insecta,Trichoptera,Phryganeidae,NA
phoxinus,Metazoa,Actinopteri,Cypriniformes,Cyprinidae,NA
perca,Metazoa,Actinopteri,Perciformes,Percidae,NA
synodontis_sp,Metazoa,Actinopteri,Siluriformes,Mochokidae,NA
desmids,Viridiplantae,Zygnemophyceae,Desmidiales,NA,NA
pentaneura_larvae,Metazoa,Insecta,Diptera,Chironomidae,NA
pentaneura_pupae,Metazoa,Insecta,Diptera,Chironomidae,NA
mollusca_bivalves,Metazoa,NA,NA,NA,NA
chrysichthys_spp,Metazoa,Actinopteri,Siluriformes,Claroteidae,NA
isoptera_termites,Metazoa,Insecta,Blattodea,NA,NA
cambaridae,Metazoa,Malacostraca,Decapoda,Cambaridae,NA
corbiculidae,Metazoa,Bivalvia,Veneroida,Corbiculidae,NA
physidae,Metazoa,Gastropoda,NA,Physidae,NA
vespidae,Metazoa,Insecta,Hymenoptera,Vespidae,NA
naucoridae,Metazoa,Insecta,Hemiptera,Naucoridae,NA
argulus,Metazoa,Ichthyostraca,Arguloida,Argulidae,NA
vespidae_adult,Metazoa,Insecta,Hymenoptera,Vespidae,NA
psychodidae_larvae,Metazoa,Insecta,Diptera,Psychodidae,NA
calliphoridae_larvae,Metazoa,Insecta,Diptera,Calliphoridae,NA
dixidae_larvae,Metazoa,Insecta,Diptera,Dixidae,NA
muscidae_adult,Metazoa,Insecta,Diptera,Muscidae,NA
auchenorrhyncha_adult,Metazoa,Insecta,Hemiptera,NA,NA
hydrophilidae_adult,Metazoa,Insecta,Coleoptera,Hydrophilidae,NA
ptilodactylidae_adult,Metazoa,Insecta,Coleoptera,Ptilodactylidae,NA
lampyridae_larvae,Metazoa,Insecta,Coleoptera,Lampyridae,NA
gyrinidae_adult,Metazoa,Insecta,Coleoptera,Gyrinidae,NA
chrysomelidae_adult,Metazoa,Insecta,Coleoptera,Chrysomelidae,NA
ephemeroptera_baetidae_nymph,Metazoa,Insecta,Ephemeroptera,NA,NA
hydropsychidae_larvae,Metazoa,Insecta,Trichoptera,Hydropsychidae,NA
helicopsychidae_larvae,Metazoa,Insecta,Trichoptera,Helicopsychidae,NA
hydrobiosidae_larvae,Metazoa,Insecta,Trichoptera,Hydrobiosidae,NA
lepidoptera_adult,Metazoa,Insecta,Lepidoptera,NA,NA
arachnida_araneae_adult,Metazoa,Arachnida,NA,NA,NA
nematoda_parasite,Metazoa,NA,NA,NA,NA
porifera_gemmules_spicules,Metazoa,NA,NA,NA,NA
anisoptera_larvae,Metazoa,Insecta,Odonata,NA,NA
characidae,Metazoa,Actinopteri,Characiformes,Characidae,NA
cichlidae,Metazoa,Actinopteri,Cichliformes,Cichlidae,NA
synbranchidae,Metazoa,Actinopteri,Synbranchiformes,Synbranchidae,NA
heptapteridae,Metazoa,Actinopteri,Siluriformes,Heptapteridae,NA
crenuchidae,Metazoa,Actinopteri,Characiformes,Crenuchidae,NA
hypopomidae,Metazoa,Actinopteri,Gymnotiformes,Hypopomidae,NA
oxyethira_sp,Metazoa,Insecta,Trichoptera,Hydroptilidae,NA
parapeneus_longirostris,Metazoa,Malacostraca,Decapoda,Penaeidae,Parapenaeus longirostris
sicyonia_sp,Metazoa,Malacostraca,Decapoda,Sicyoniidae,NA
chlamydomonas,Viridiplantae,Chlorophyceae,Chlamydomonadales,Chlamydomonadaceae,NA
volvox_sp,Viridiplantae,Chlorophyceae,Chlamydomonadales,Volvocaceae,NA
chlamydomonas_sp,Viridiplantae,Chlorophyceae,Chlamydomonadales,Chlamydomonadaceae,NA
closteriopsis_sp,Viridiplantae,Trebouxiophyceae,Chlorellales,Chlorellaceae,NA
crucigenia_sp,Viridiplantae,Chlorophyceae,Sphaeropleales,Scenedesmaceae,NA
eudorina_sp,Viridiplantae,Chlorophyceae,Chlamydomonadales,Volvocaceae,NA
pleodorina_sp,Viridiplantae,Chlorophyceae,Chlamydomonadales,Volvocaceae,NA
staurastrum_sp,Viridiplantae,Zygnemophyceae,Desmidiales,Desmidiaceae,NA
zygnema_sp,Viridiplantae,Zygnemophyceae,Zygnematales,Zygnemataceae,NA
keratella_sd,Metazoa,Monogononta,Ploima,Brachionidae,NA
Nemata,Metazoa,NA,NA,NA,NA
Nais,Metazoa,Clitellata,Haplotaxida,Naididae,NA
Ephemerella,Metazoa,Insecta,Trichoptera,Hydroptilidae,NA
Probezzia,Metazoa,Insecta,Ephemeroptera,Ephemerellidae,NA
Ephemerellidae,Metazoa,Insecta,Ephemeroptera,Heptageniidae,NA
Cheumatopsyche,Metazoa,Insecta,Odonata,Gomphidae,NA
Muscidae,Metazoa,Insecta,Trichoptera,Glossosomatidae,NA
Crambidae,Metazoa,Insecta,Diptera,Ceratopogonidae,NA
Leucrocuta,Metazoa,Insecta,Plecoptera,Perlodidae,NA
Polymitarcyidae,Metazoa,Insecta,Ephemeroptera,Ephemerellidae,NA
Ametropus,Metazoa,Insecta,Trichoptera,Hydropsychidae,NA
Cercobrachys,Metazoa,Insecta,Diptera,Muscidae,NA
Stylurus,Metazoa,Insecta,Lepidoptera,Crambidae,NA
Curculionidae,Metazoa,Insecta,Ephemeroptera,Heptageniidae,NA
Coptotomus,Metazoa,Insecta,Ephemeroptera,Polymitarcyidae,NA
Traverella,Metazoa,Insecta,Ephemeroptera,Ametropodidae,NA
Ormosia,Metazoa,Insecta,Ephemeroptera,Caenidae,NA
Hagenius,Metazoa,Insecta,Odonata,Gomphidae,NA
Hyalella,Metazoa,Insecta,Coleoptera,Curculionidae,NA
Homoneuria,Metazoa,Insecta,Coleoptera,Dytiscidae,NA
Tipula,Metazoa,Insecta,Ephemeroptera,Leptophlebiidae,NA
Dolichopodidae,Metazoa,Insecta,Diptera,Limoniidae,NA
Lachlania,Metazoa,Insecta,Odonata,Gomphidae,NA
Ictalurus,Metazoa,Insecta,Diptera,Tipulidae,NA
punctatus,Metazoa,Insecta,Diptera,Dolichopodidae,NA
Macrhybopsis spp.,Metazoa,Insecta,Ephemeroptera,Oligoneuriidae,NA
Scaphirhynchus,Metazoa,Actinopteri,Cypriniformes,Cyprinidae,NA
Culicoides,Metazoa,Actinopteri,Siluriformes,Ictaluridae,NA
Gomphidae,Metazoa,Actinopteri,Cypriniformes,Cyprinidae,NA
Caenidae,Metazoa,Actinopteri,Acipenseriformes,Acipenseridae,NA
Nigronia,Metazoa,Insecta,Diptera,Ceratopogonidae,NA
Heteroceridae,Metazoa,Insecta,Hemiptera,Corixidae,NA
Rhithrogena,Metazoa,Insecta,Odonata,Gomphidae,NA
Arctoconopa,Metazoa,Insecta,Ephemeroptera,Caenidae,NA
Tricorythodes,Metazoa,Insecta,Ephemeroptera,Leptohyphidae,NA
Branchiura,Metazoa,Insecta,Megaloptera,Corydalidae,NA
Noturusflavus,Metazoa,Insecta,Coleoptera,Heteroceridae,NA
Ictalurus punctatus,Metazoa,Insecta,Ephemeroptera,Heptageniidae,NA
Empididae,Metazoa,Insecta,Ephemeroptera,Leptohyphidae,NA
Other,Metazoa,Insecta,Coleoptera,Elmidae,NA
Bottom Debris,Metazoa,Insecta,Diptera,Empididae,NA
NA,Metazoa,Actinopteri,Siluriformes,Ictaluridae,Ameiurus nebulosus
Undetermined,Metazoa,Actinopteri,Amiiformes,Amiidae,Amia calva
Remains,Metazoa,Actinopteri,Gobiiformes,Gobiidae,Neogobius melanostomus
"Terrestrial






invertebrates",Metazoa,Malacostraca,Decapoda,Cambaridae,Orconectes propinquus
"Bottom






ooze",Metazoa,Malacostraca,Decapoda,Cambaridae,Orconectes virilis
