prey_taxon,search_term,prey_stage_add,prey_ecosystem_add,prey_family_add,prey_suborder_add,prey_order_add,prey_class_add,prey_species_add,prey_phylum-add,prey_kingdom_add
acananthes,Acananthes,,,NA,,,,,,
acan,Acari,,,NA,,,,,,
acarida,Acari,,,NA,,,,,,
mites,Acari,,,NA,,,,,,
bones_of_fsh,Actinopterygii,bones,,NA,,,Actinopterygii,,,
pisces,Actinopterygii,,,NA,,,,,,
"Unidentifable
fshremains",Actinopterygii,,,NA,,,,,,
alona_rectangula,Alona rectangula,,,NA,,,,,,
amphora,Amphora,,,NA,,,Bacillariophyceae,,,
amphora_sp_1,Amphora,,,NA,,,Bacillariophyceae,,,
amphora_sp_2,Amphora,,,NA,,,Bacillariophyceae,,,
amphora_sp_3,Amphora,,,NA,,,Bacillariophyceae,,,
amphibian_frog_bones,Amphibia,bones,,NA,,,Amphibia,,,
tadpoles,Amphibia,,,NA,,,,,,
anabaena,Anabaena,,,NA,,,Cyanophyceae,,,
anabaena_sp,Anabaena,,,NA,,,Cyanophyceae,,,
root_leaf_stem_angyospermae,Angiosperms,,,NA,,,,amphora,,
animal_materials_unknwon,Animalia,,,NA,,,,amphora_sp_1,,
digested_animal_matter,Animalia,,,NA,,,,amphora_sp_2,,
identifed_animal_materials,Animalia,,,NA,,,,amphora_sp_3,,
unidentified_animal_parts,Animalia,,,NA,,,,anabaena,,
zoobenthos,Animalia,,,NA,,,,anabaena_sp,,
zooplanklon,Animalia,,,NA,,,,,,
zooplankton,Animalia,,,NA,,,,,,
anisopteran_larvae,Anisoptera,larvae,,NA,Anisoptera,Odonata,Insecta,,,
Anispotera,Anisoptera,,,NA,Anisoptera,Odonata,Insecta,,,
a_convulatus,Ankisterodesmus convulatus,,,NA,,,,,Annelida,
a_falcatus,Ankisterodesmus falcatus,,,NA,,,,,,
annelids,Annelida,,,NA,,,,,,
unsegmented_worms,Annelida,,,NA,,,,,,
worms,Annelida,,,NA,,,,,Arthropoda,
aphasmida,Aphasmida,,,NA,,,Nematoda,,,
aphyocharax_nasutus,Aphyocharax nasutus,,,NA,,,,,,Plantae
aptocheilichthyes_sp,Aptocheilichthyes,,,NA,,,,,,Plantae
arachnides,Arachnid,,,NA,,,Arachnid,,,
arachnids_water_mites,Arachnid,,,NA,,,Arachnid,,,
arichnida,Arachnid,,,NA,,,Arachnid,,,
araneida,Araneae,,,NA,,Araneae,Arachnid,,,
arguloid,Arguloidea,,,NA,,,,,,
aquatic_arthropoda,Arthropoda,aquatic,aquatic,NA,,,,,Arthropoda,
arthropod_fragment,Arthropoda,,,NA,,,,,,
terrestrial_arthropoda,Arthropoda,,,NA,,,,,,
terrestrial_arthropods,Arthropoda,,,NA,,,,,,
arthrospira,Arthrospira,,,NA,,,,,,
asplachna_sp,Asplachna,,,NA,,,,,,
a_schubarti,Astyanax schubarti,,,NA,,,,,,
nitschia_spiculum,Bacillariaceae,,,NA,,,,,,Ochrophyta
nitzchia_sp,Bacillariaceae,,,NA,,,,,,Ochrophyta
nitzschia,Bacillariaceae,,,NA,,,,,,Ochrophyta
nitzschia_sigmoida,Bacillariaceae,,,NA,,,,,,
nitzshia_sp,Bacillariaceae,,,NA,,,,,,
baccilariophyceae,bacillariophyceae,,,NA,,,Baccilariophyceae,,,
bacillariophyceae,bacillariophyceae,,,NA,,,Baccilariophyceae,,,
bacillariophyceae_50_m,bacillariophyceae,,,NA,,,Baccilariophyceae,,,
baetid_nymph,Baetidae,,,Baetidae,,Ephemeroptera,Insecta,,,
b_capillata,Bellamya capillata,,,NA,,,,,,
b_longirostris,Bosmina longirostris,,,NA,,,,,,
b_diversicornis,Brachionis diversicornis,,,NA,,,,,,
crab_parts,Brachyura,,,NA,,,,,,
crabs,Brachyura,,,NA,,,,,,
crabs_undet,Brachyura,,,NA,,,,,,
brychius_spp,Brychius,,,Haliplidae,,Coleoptera,Insecta,,,
brycinus_spp,Brychius,,,Haliplidae,,Coleoptera,Insecta,,,
bulbochaeta,Bulbothrix bulbochaeta,,,NA,,,,,,
calichthys_cafichthys,Calichthys,,,NA,,,,,,
calothrix,Calothrix,,,NA,,Nostocales,Cyanophyceae,,,
calothrix_sp,Calothrix,,,NA,,Nostocales,Cyanophyceae,,,
c_nilotica,Caridina nilotica,,,NA,,,,,,
centrales,Centrales,,,NA,,,,,,
c_pulchella,Ceriodaphnia pulshella,,,NA,,,,,,
chaetopoda,Chaetopoda,,,NA,,,Chaetopoda,,Cyanobacteria,
Chaoborid,Chaoboridae,,,Chaoboridae,,Diptera,Insecta,,Cyanobacteria,
chaoborids,Chaoboridae,,,Chaoboridae,,Diptera,Insecta,,,
larvae_chaoborus,Chaoborus,larvae,,NA,,,,,,
larvae_chaoborus_flavicans,Chaoborus flavicans,larvae,,NA,,,,,Annelida,
chiro_adults,Chironomidae,adults,,Chironomidae,,Diptera,Insecta,,,
chiro_larvae,Chironomidae,larvae,,Chironomidae,,Diptera,Insecta,,,
chiro_pupae,Chironomidae,pupae,,Chironomidae,,Diptera,Insecta,,,
chiromonid,Chironomidae,,,Chironomidae,,Diptera,Insecta,,,
chiron017111s_pupae,Chironomidae,pupae,,Chironomidae,,Diptera,Insecta,,,
chironoinicl_larvae,Chironomidae,larvae,,Chironomidae,,Diptera,Insecta,,,
chironomoid_larvae,Chironomidae,larvae,,Chironomidae,,Diptera,Insecta,,,
chironomoid_pupae,Chironomidae,pupae,,Chironomidae,,Diptera,Insecta,,,
chironomus_larvae,Chironomidae,larvae,,Chironomidae,,Diptera,Insecta,,,
chironomuslarvae,Chironomidae,larvae,,Chironomidae,,Diptera,Insecta,,,
chironorniel_larvae,Chironomidae,larvae,,Chironomidae,,Diptera,Insecta,,,
chrionomid_pupae,Chironomidae,pupae,,Chironomidae,,Diptera,Insecta,,,
midge_adult,Chironomidae,adults,,NA,,,,,,
midge_larvae_pupae,Chironomidae,larvae_pupae,,NA,,,,,,
ch_ironom_id_larvae,Chironomus,larvae,,Chironomidae,,Diptera,Insecta,,,
chtronomus_pupae,Chironomus,pupae,,Chironomidae,,Diptera,Insecta,Chroococcus sp.,Cyanobacteria,
chroococcus,Chroococcus,,,,,,Cyanophyceae,,,
chiysicihys_sp,Chrysichthys,,,Claroteidae,,Siluriformes,Actinopterygii,,,Chromista
chrysicthys_sp,Chrysichthys,,,Claroteidae,,Siluriformes,Actinopterygii,,,
chrysophyta,Chrysophyta,,,NA,,,,,,
cichlid_fry,Cichlidae,,,Cichlidae,,Cichliformes,Actinopterygii,,,
bernie_cladocerm,Cladocera,,,NA,,Cladocera,Branchiopoda,,,
cladocem,Cladocera,,,NA,,Cladocera,Branchiopoda,,,
cladocerans,Cladocera,,,NA,,Cladocera,Branchiopoda,,,
immature_cladocera,Cladocera,,,NA,,,,,,
other_cladocera,Cladocera,,,NA,,,,,,
ciadotanytarsus_sp,Cladotanytarsus,,,Chironomidae,,Diptera,Insecta,,,
closteriurn,Closterium,,,NA,,,,Cocconeis,,
clupeids,Clupeidae,,,Clupeidae,,,,,,
cocconeis_sp,Cocconeis,,,NA,,,,,,
"
Coenagriidae",Coenagriidae,,,"
Coenagriidae",,Odonata,Insecta,,,
aquatic_coleoptera_adult,Coleoptera,adults,aquatic,NA,,Coleoptera,,,,
coleopteran_larvae,Coleoptera,larvae,,NA,,Coleoptera,Insecta,,,
coleoptra,Coleoptera,,,NA,,Coleoptera,Insecta,,,
terrestria_coleoptera,Coleoptera,,,NA,,,,,,
collembolla,Collembola,,,NA,,,,,,
adults_copepodites,Copepoda,adult,,NA,,,Copepoda,,,
calanoid,Copepoda,,,NA,,Copepoda,,,,
copepod,Copepoda,,,NA,,,,,,
copepoda_arguloid,Copepoda,,,NA,,,,,,
copepoda_copepodids,Copepoda,,,NA,,,,,,
copepoda_gen_sp,Copepoda,,,NA,,,,,,
copepoda_harpacticoid,Copepoda,,,NA,,,,,,
copepoda_larvae,Copepoda,larvae,,NA,,,,,,
copepoda_undet,Copepoda,,,NA,,,,,,
cyclopoid,Copepoda,,,NA,,,,,,
harpacticoid,Copepoda,,,NA,,,,,,
harpacticoid_copepods,Copepoda,,,NA,,,,,,
llarpacticoid_copepods,Copepoda,,,NA,,,,,,
nauplii,Copepoda,,,NA,,,,,,
undetermined_copepods,Copepoda,,,NA,,,,,,
x3opepoda,Copepoda,,,NA,,,,,,
corixdae,Corixidae,,,NA,,,,,,
corixid,Corixidae,,,NA,,,,,,
Corizidae,Corixidae,,,NA,,,,,,
"Hemiptera
Corixidae",Corixidae,,,NA,,,,,,
coryalidae,Corydalidae,,,NA,,,,,,
cosmaria,Cosmaria,,,NA,,,,,,
costnarium_sp,Costnarium,,,NA,,,,,,
crustaces,Crustaceans,,,NA,,,,,,
p_sidneyi,Crustaceans,,,NA,,,,,,
crysophyta,Crysophyta,,,NA,,,,,,
culicidae_larvae,Culicidae,,,Culicidae,,Diptera,Insecta,,,
mosquito_pupae,Culicidae,,,NA,,,,,,
cyanophyceae,Cyanobacteria,,,NA,,,,,,
cyanophyceae_oscillatoria_sp,Cyanobacteria,,,NA,,,,,,
cyanophyta,Cyanobacteria,,,NA,,,,,,
cyanophyta_60,Cyanobacteria,,,NA,,,,,,
cyanophytes,Cyanobacteria,,,NA,,,,,,
lynghya,Cyanobacteria,,,NA,,,,,,
oscillatoria,Cyanobacteria,,,NA,,,,,,
oscillatoria_sp,Cyanobacteria,,,NA,,,,,,
oscillatoria_sp_1_2_5_<U+00B5>m_5_<U+00B5>m,Cyanobacteria,,,NA,,,,,,
oscillatoria_sp_2_3_2_<U+00B5>m_10_<U+00B5>m,Cyanobacteria,,,NA,,,,,,
oscillatoria_sp_3,Cyanobacteria,,,NA,,,,,,
oscillatoria_thin,Cyanobacteria,,,NA,,,,,,
oscillatoriaceae,Cyanobacteria,,,NA,,,,,,
c_carinata,Cyathura carinata,,,NA,,,,,,
cyclotella_sp,Cyclotella,,,NA,,,,,,
cymatopleura_sp,Cymatopleura,,,NA,,,,,,
cymbella,Cymbella,,,NA,,,,,,
cymbella_sp_1,Cymbella,,,NA,,,,,,
cymbella_sp_2,Cymbella,,,NA,,,,,,
cymbella_sp_3,Cymbella,,,NA,,,,,,
cyphocharax_modesta,Cyphocharax modesta,,,NA,,,,,,
cypricercus_sp,Cypricercus,,,NA,,,,,,
shiners,Cyprinidae,,,NA,,,,,,
large_cypriniformes,Cypriniformes,,,NA,,,,,,
cyprinodonts,Cyprinodontidae,,,NA,,,,,,
decanoda,Decapoda,,,NA,,,,,,
decapod,Decapoda,,,NA,,,,,,
decapods,Decapoda,,,NA,,,,,,
diaphanosoma_cf_mong,Diaphanosoma,,,NA,,,,,,
diaphanosoma_cf_mongolianum,Diaphanosoma,,,NA,,,,,,
diaphanosoma_leuchtenbergianum,Diaphanosoma,,,NA,,,,,,
diaplomus_skills,Diaplomus,,,NA,,,,,,
diatoma_sp,Diatoma,,,NA,,,,,,
bottom_diatoms,Diatoms,,,NA,,,,,,
diatom,Diatoms,,,NA,,,,,,
diatoms,Diatoms,,,NA,,,,,,
planktonic_diatoms,Diatoms,,,NA,,,,,,
dimophococcus,Dimophococcus,,,NA,,,,,,
dinoflagelates,Dinoflagellata,,,NA,,,,,,
dinoflagellate,Dinoflagellata,,,NA,,,,,,
miriapoda_diplopoda_adult,Diplopoda,adults,,NA,,,,,,
other_dipera_larvae,Diptera,Larvae,,NA,,,,,,
dugesia_sp,Dugesia,,,NA,,,,,,
dyctioptera_ootheca,Dyctioptera ootheca,,,NA,,,,,,
"
Dytiscidae",Dytiscidae,,,"
Dytiscidae",,Coleoptera,Insecta,,,
elimdae,Elmidae,,,NA,,,,,,
elmid_larvae,Elmidae,larvae,,NA,,,,,,
epemeroptera_newt,Ephemeroptera,,,NA,,,,,,
ephemeropt_n_indet,Ephemeroptera,,,NA,,,,,,
"Ephemeroptera
",Ephemeroptera,,,NA,,,,,,
ephemeropteran_nymphs,Ephemeroptera,larvae,,NA,,,,,,
mayfly_adult,Ephemeroptera,adults,,NA,,,,,,
mayfly_nymph,Ephemeroptera,larvae,,NA,,,,,,
nymphs_ephemeroptera,Ephemeroptera,larvae,,NA,,,,,,
winged_ephemeroptera,Ephemeroptera,,,NA,,,,,,
esolus_spp,Esolus,,,NA,,,,,,
eucapsis,Eucapsis,,,NA,,,,,,
euglenophyceae,Euglenophyceae,,,NA,,,,,,
eunotia,Eunotia,,,NA,,,,,,
eurastrunz_sp,Eurastrunz,,,NA,,,,,,
scales,fish,scales,,NA,,,,,,
flagellates,Flagellataria,,,NA,,,,,,
hymenoptera_ants,Formicidae,,,NA,,,,,,
fragilaria,Fragillaria,,,NA,,,,,,
fragilaria_sp_1_150_<U+00B5>m,Fragillaria,,,NA,,,,,,
fragilaria_sp_2_8_<U+00B5>m_215_<U+00B5>m,Fragillaria,,,NA,,,,,,
fragilaria_sp_3_8_320_<U+00B5>m,Fragillaria,,,NA,,,,,,
fragilaria_sp_4_10_<U+00B5>m_200_250_<U+00B5>m,Fragillaria,,,NA,,,,,,
fragilaria_sp_5_400_<U+00B5>m,Fragillaria,,,NA,,,,,,
fragilaria_sp_6_370_500_<U+00B5>m,Fragillaria,,,NA,,,,,,
foraminifera,Froaminifera,,,NA,,,,,,
fru_its,Fruits,,,NA,,,,,,
fruits,Fruits,,,NA,,,,,,
frustulia_sp,Frustulia,,,NA,,,,,,
gammarid,Gammaridae,,,NA,,,,,,
gammarids,Gammaridae,,,NA,,,,,,
sticklebacks,Gasterosteus aculeatus,,,NA,,,,,,
gastropod_eggs,Gastropoda,eggs,,NA,,,,,,
mollusea_gastropodes,Gastropoda,,,NA,,,,,,
pulmonata,Gastropoda,,,NA,,,,,,
glenodinum,Glenodinuma,,,NA,,,,,,
gobioninae,Gobiodae,,,NA,,,,,,
gomphonema_sp,Gomphonema,,,NA,,,,,,
hemerodromia_stellaris,Hemerodromia stellaris,,,NA,,,,,,
adult_liemiptera,Hemiptera,adult,,NA,,Hemiptera,Insecta,,,
hemiptera_water_bugs,Hemiptera,,,NA,,,,,,
herniptera,Hemiptera,,,NA,,,,,,
liemiptera,Hemiptera,,,NA,,,,,,
homoeothrix,Homeothrix,,,NA,,,,,,
Homoneuria,Homoneuria,,,NA,,,,,,
hydracarinae,Hydracarinae,,,NA,,,,,,
hydrachnida,Hydrachnidia,,,NA,,,,,,
hydroids,Hydroids,,,NA,,,,,,
"
Hydrophilidae",Hydrophilidae,,,"
Hydrophilidae",,Coleoptera,Insecta,,,
"
Hydroptilidae",Hydroptilidae,,,"
Hydroptilidae",,Trichoptera,Insecta,,,
hydrosera_sp,Hydrosera,,,NA,,,,,,
hymenopteran_nymph,Hymentoptera,larvae,,NA,,,,,,
hyphessobrycon_callistus,Hyphessobrycon callistus,,,NA,,,,,,
ktalurus_punctatus,Ictalurus punctatus,,,NA,,,,,,
punctatus,Ictalurus punctatus,,,NA,,,,,,
iliocryptus_sordidus,Iliocryptus sordidus,,,NA,,,,,,
maggots,Insecta,,,NA,,,,,,
nsecta,Insecta,,,NA,,,,,,
nymphs_undet,Insecta,larvae,,NA,,,,,,
pupae_adults,Insecta,Pupae and Adults,,NA,,,,,,
secteggs,Insecta,eggs,,NA,,,,,,
x_sponson_bugs_9,Insecta,,,NA,,,,,,
x1nsect_parts,Insecta,,,NA,,,,,,
isomychia,Isonychia,,,NA,,,,,,
isopod,Isopoda,,,NA,,,,,,
Leopardfrogs,Leopard frogs,,,NA,,,,,,
Largebluegill,Lepomis macrochirus,,,NA,,,,,,
leptocerid_larvae,Leptoceridae,,,NA,,,,,,
leydigia_leydigi,leydigia leydigi,,,NA,,,,,,
limnaea_pereger,Limnaea pereger,,,NA,,,,,,
limnoperna_lacustris,Limnoperna lacustris,,,NA,,,,,,
megaloptra,Megaloptera,,,NA,,,,,,
m_tuberctdatus,Melanoides tuberculatus ,,,NA,,,,,,
melosira,Melosira,,,NA,,,,,,
melosira_sp,Melosira,,,NA,,,,,,
merismopedia,Merismopedia,,,NA,,,,,,
merismopedia_sp,Merismopedia,,,NA,,,,,,
mesovelidae,Mesovelidae,,,NA,,,,,,
microcystis,Microcystis,,,NA,,,,,,
microcystis_sp,Microcystis,,,NA,,,,,,
micronecta_sp,Micronecta,,,NA,,,,,,
micronekton,Micronecta,,,NA,,,,,,
m_sanctae_filomenae,Moenkhausia sanctaefilomenae),,,NA,,,,,,
moina_hutchinsoni,Moina hutchinsoni,,,NA,,,,,,
indeterminate_molluscs,Mollusca,,,NA,,,,,,
mollusk,Mollusca,,,NA,,,,,,
molusca,Mollusca,,,NA,,,,,,
moluscs,Mollusca,,,NA,,,,,,
clams,Molluscs,,,NA,,,Mollusca,,,
roccus_americanus,Morone americana,,,NA,,,,,,
mugiliforms,Mugiliformes,,,NA,,,,,,
myriapodes,Myriapodeses,,,NA,,,,,,
mysid_shrimp,Mysidae,,,NA,,,,,,
mytilopsis_leucopheata,Mytilopsis leucopheata,,,NA,,,,,,
navicula,Naviculales,,,NA,,,,,,
navicula_sp,Naviculales,,,NA,,,,,,
navicula_sp_1,Naviculales,,,NA,,,,,,
navicula_sp_2,Naviculales,,,NA,,,,,,
navicula_sp_3,Naviculales,,,NA,,,,,,
pinnularia,Naviculales,,,NA,,,,,,
pinnularia_sp,Naviculales,,,NA,,,,,,
pinnularia_sp_1,Naviculales,,,NA,,,,,,
pinnularia_sp_2,Naviculales,,,NA,,,,,,
nostoc_sp,Nostoc,,,NA,,,,,,
nostoc,Nostoc,,,NA,,,,,,
notholca_squamula,Notholca squamula,,,NA,,,,,,
notonecitidae,Notonectidae,,,NA,,,,,,
notonectid,Notonectidae,,,NA,,,,,,
atherinoides,Notropis atherinoides,,,NA,,,,,,
nymphs_odonata,Odonata,larvae,,NA,,,,,,
odonate_nymphs,Odonata,larvae,,NA,,,,,,
"
Oligochaeta",Oligochaeta,,,NA,,,Oligochaeta,,,
haplotaxid_oligochaetes,Oligochaeta,,,NA,,,,,,
oligocaete_worms,Oligochaeta,,,NA,,,,,,
oligochaete_worms,Oligochaeta,,,NA,,,,,,
oligochaetes,Oligochaeta,,,NA,,,,,,
oligochaetes_segments,Oligochaeta,,,NA,,,,,,
larvae_worms,Oligochaetae,larvae,,NA,,,,,,
Nais,Oligochaete,,,NA,,,,,,
orectochilus_sp,Orectochilus,,,NA,,,,,,
conchostraca_ostracoda,Ostracoda,,,NA,,,,,,
large_ostracoda,Ostracoda,,,NA,,,,,,
ostracode_shrimps,Ostracoda,,,NA,,,,,,
ostracods,Ostracoda,,,NA,,,,,,
small_ostracoda,ostracoda,small,,NA,,,,,,
bait_mash_of_oil_and_garri,other,,,NA,,,,,,
Bottom Debris,Other,,,NA,,,,,,
"Bottom
ooze",Other,,,NA,,,,,,
bottom_deposit,Other,,,NA,,,,,,
bottom_deposits,other,,,NA,,,,,,
other,Other,,,NA,,,,,,
other_prey,Other,,,NA,,,,,,
other_remains,Other,,,NA,,,,,,
others,Other,,,NA,,,,,,
Others,Other,,,NA,,,,,,
others_29,Other,,,NA,,,,,,
others_39,Other,,,NA,,,,,,
others_44,Other,,,NA,,,,,,
Remains,Other,,,NA,,,,,,
Undetermined,Other,,,NA,,,,,,
Undigestible  debris,Other,,,NA,,,,,,
undigestible_trash,Other,,,NA,,,,,,
unidentifable,Other,,,NA,,,,,,
Unidentifable  parts,Other,,,NA,,,,,,
unidentifed,Other,,,NA,,,,,,
Unidentifed,Other,,,NA,,,,,,
Unidentifed  material,Other,,,NA,,,,,,
unidentifed_fsh,Other,,,NA,,,,,,
unidentifed_organic_material,Other,,,NA,,,,,,
unidentifed_parts,Other,,,NA,,,,,,
unidentifiable_material,Other,,,NA,,,,,,
unidentified,Other,,,NA,,,,,,
unidentified_debris,Other,,,NA,,,,,,
unidentified_eggs_and_other_remains,Other,,,NA,,,,,,
unidentified_items,Other,,,NA,,,,,,
unidentified_material,Other,,,NA,,,,,,
unidentified_prey,Other,,,NA,,,,,,
oxyethira_maya,Oxyethira maya,,,NA,,,,,,
pal_aemonetes_sp,Palaemonetes,,,NA,,,,,,
palaemonid_shrimp,Palaemonetes,,,NA,,,,,,
palaemonid_shrimp_undet,Palaemonetes,,,NA,,,,,,
partially_digested_shrimps,Palaemonetes,,,NA,,,,,,
penaeid_shrimp,Palaemonetes,,,NA,,,,,,
prawn,Palaemonetes,,,NA,,,,,,
prawns,Palaemonetes,,,NA,,,,,,
shrimp,Palaemonetes,,,NA,,,,,,
shrimps,Palaemonetes,,,NA,,,,,,
grass_shrimp,Palaemonidae,,,NA,,,,,,
pediast_um,Pediastrum,,,NA,,,,,,
pediastrus,Pediastrum,,,NA,,,,,,
penales,Penales,,,NA,,,,,,
pisidiuml_sphaerium,Pisidium pseudosphaerium,,,NA,,,,,,
aquatic_plants,Plantae,,aquatic,NA,,,,,,
aquatic_vegetation,Plantae,,aquatic,NA,,,,,,
green_algal_unicells,Plantae,,,NA,,,,,,
leaf_litter,Plantae,,,NA,,,,,,
macrophytes,Plantae,,,NA,,,,,,
macrophytes_indeterminate,Plantae,,,NA,,,,,,
macrophytes_shoots_and_roots,Plantae,,,NA,,,,,,
microscopic_plants,Plantae,,,NA,,,,,,
particles_of_higher_vascular_plants,Plantae,,,NA,,,,,,
phytodetritus,Plantae,,,NA,,,,,,
phytoplankton,Plantae,,,NA,,,,,,
pteridophyta,Plantae,,,NA,,,,,,
sporangium_pteridophyta,Plantae,,,NA,,,,,,
terrestrial_plants,Plantae,,,NA,,,,,,
unidenfied_plant,Plantae,,,NA,,,,,,
unidentifiable_vegetal_matter,Plantae,,,NA,,,,,,
vascular_plant,Plantae,,,NA,,,,,,
vascular_remains,Plantae,,,NA,,,,,,
vegetable_mat,Plantae,,,NA,,,,,,
vegetable_materials_n_id,Plantae,,,NA,,,,,,
vegetal_matter,Plantae,,,NA,,,,,,
vegetation,Plantae,,,NA,,,,,,
vegetation_detritus,Plantae,,,NA,,,,,,
vegetative_tissue,Plantae,,,NA,,,,,,
woody_debris,Plantae,,,NA,,,,,,
stonefly_nymph,Plecoptera,larvae,,NA,,,,,,
pleurosigma,Pleurosigma,,,NA,,,,,,
PlumateIla,Plumatella,,,NA,,,,,,
polyarthra_spp,Polyarthra,,,NA,,,,,,
polycentropid_larvae,Polycentropidae,larvae,,NA,,,,,,
polycystic,Polycystis,,,NA,,,,,,
p_latipes,Pontogeloides latipes,,,NA,,,,,,
sponge,Porifera,,,NA,,,,,,
potamonidae,Potamonidae,,,NA,,,,,,
p_adttsta,Povilla adusta,,,NA,,,,,,
protista,Protista,,,NA,,,,,,
protist_rotifoer,Protists and Rotifers,,,NA,,,,,,
protococcus,Protococcus,,,NA,,,,,,
protozoa,Protozoa,,,NA,,,,,,
p_philander,Pseudocrenilabrus philander),,,NA,,,,,,
psychoinyiidae,Psychomyiidae,,,NA,,,,,,
pyrrhophyta,Pyrrhophyta,,,NA,,,,,,
ran_gia_cuneata,Rangia cuneata,,,NA,,,,,,
rhopoladia,Rhopolodia,,,NA,,,,,,
roeboides_paranensis,Roeboides paranensis,,,NA,,,,,,
rotatoria,Rotatoria,,,NA,,,,,,
other_rotifera,Rotifera,,,NA,,,,,,
rot_if_era,Rotifera,,,NA,,,,,,
rotifer,Rotifera,,,NA,,,,,,
s_mossambicus,Sarotherodon mossambicus,,,NA,,,,,,
scales_of_fsh,Actinopterygii,scales,,NA,,,,,,
scenedestnus_sp,Scenedesmus,,,NA,,,,,,
schizodon_altoparanae,Schizodon altoparanae,,,NA,,,,,,
selenastrumsp,Selenastrum,,,NA,,,,,,
simulbdae,Simuliidae,,,NA,,,,,,
simulidae,Simuliidae,,,NA,,,,,,
simulidae_larvae,Simuliidae,larvae,,Simuliidae,,Diptera,Insecta,,,
si_m_uli_um_larvae,Simulium,,,NA,,,,,,
simidium_larvae,Simulium,larvae,,NA,,,,,,
simidium_pupae,Simulium,pupae,,NA,,,,,,
simtdium_larvae,Simulium,larvae,,NA,,,,,,
simtdium_pupae,Simulium,pupae,,NA,,,,,,
sphaeriwn,Sphaerium,,,NA,,,,,,
spirulina,Spirulina,,,NA,,,,,,
stauroneis_sp_1,Stauroneis,,,NA,,,,,,
stauroneis_sp_2,Stauroneis,,,NA,,,,,,
stephanodiscus,Stephanodiscus,,,NA,,,,,,
stratiomydae,Stratiomyidae,,,NA,,,,,,
surirella,Surirella,,,NA,,,,,,
surirella_sp_1,Surirella,,,NA,,,,,,
surirella_sp_2,Surirella,,,NA,,,,,,
synociontis_sp,Synociontis,,,NA,,,,,,
teleost,Teleostii,,,NA,,,,,,
tendipedidae,Tendipedidae,,,NA,,,,,,
tendipeds,Tendipedidae,,,NA,,,,,,
testacea,Testaceae,,,NA,,,,,,
thallassius_massajae,Thallassius massajae,,,NA,,,,,,
thermocyclopes_equatorialis,Thermocyclopes equatorialis,,,NA,,,,,,
thhysamoptera_adults,Thysamoptera ,adults,,NA,,,,,,
thysanura_adult,Thysanura,adults,,NA,,,,,,
tilapia_spp,Tilapia,,,NA,,,,,,
tilapians,Tilapia,,,NA,,,,,,
tipulid_larvae,Tipulidae,,,NA,,,,,,
tomoptema,Tomoptema,,,NA,,,,,,
trichocerca_capucina,Trichocerca capucina,,,NA,,,,,,
t_similis,Trichocerca similis,,,NA,,,,,,
trichocercia,Trichocercidae,,,NA,,,,,,
caddisfly_adult,Trichoptera,adult,,NA,,Trichoptera,Insecta,,,
caddisfly_larvae,Trichoptera,larvae,,NA,,Trichoptera,Insecta,,,
trichopt_1_indet,Trichoptera,,,NA,,,,,,
trichopt_i_indet,Trichoptera,,,NA,,,,,,
triehopteran_larvae,Trichoptera,larvae,,NA,,,,,,
ttichoptera_larvae,Trichoptera,larvae,,NA,,,,,,
trithemus,Trithemus,,,NA,,,,,,
vaucheria_sp,Vaucheria,,,NA,,,,,,
veliid,Veliidae,,,NA,,,,,,
bones,Vertebrata,bones,,NA,,,,,,
bony_structures,Vertebrata,bones,,NA,,,,,,
vol_vocales,Volvocales,,,NA,,,,,,
vo_vox_sp,Vovox,,,NA,,,,,,
x52,X5es,,,NA,,,,,,
zignemaphyceae,Zignemaphyceae,,,NA,,,,,,
damselfly_adult,Zygoptera,,,NA,,,,,,
damselfly_nymph,Zygoptera,,,NA,,,,,,
zygopteran_larvae,Zygoptera,larvae,,NA,,,,,,
adult,,,,NA,,,,,,
and_eggs,,,,NA,,,,,,
coarse_sand,sand,,,NA,,,,,,
debris,debris,,,NA,,,,,,
Debris  and  detritus,detritus,,,NA,,,,,,
debris_detritus,detritus,,,NA,,,,,,
detritus,detritus,,,NA,,,,,,
detritus_and_other,detritus,,,NA,,,,,,
detritus_mud,detritus,,,NA,,,,,,
detritus_sand,detritus,,,NA,,,,,,
detritus_sediment,detritus,,,NA,,,,,,
detritus_substratum,detritus,,,NA,,,,,,
Detrius,detritus,,,NA,,,,,,
Digested material,Other,,,NA,,,,,,
digested_matter,Other,,,NA,,,,,,
eggs,Animalia,eggs,,NA,,,,,,
eggs_and_cysts,Animalia,eggs,,NA,,,,,,
eggs_unknown,Animalia,eggs,,NA,,,,,,
einfeldiu_sp,,,,NA,,,,,,
empty_space,,,,NA,,,,,,
feather,Aves,,,NA,,,,,,
fine_detritus,detritus,,,NA,,,,,,
fine_sand,sand,,,NA,,,,,,
fpom,Organic matter,,,NA,,,,,,
fungus,Fungus,,,NA,,,,,,
g_giurus,,,,NA,,,,,,
g_lignorunz,,,,NA,,,,,,
garri_fibres,,,,NA,,,,,,
gleocystis,,,,NA,,,,,,
gyrosigma_sp,,,,NA,,,,,,
gyrosigma_sp_1,,,,NA,,,,,,
h_orbiculare,,,,NA,,,,,,
heminoptera,,,,NA,,,,,,
homalopterinae,,,,NA,,,,,,
i_sordidus,,,,NA,,,,,,
Incidentalmatter,,,,NA,,,,,,
Inorganic  detritus,,,,NA,,,,,,
inorganic_material,,,,NA,,,,,,
inorganic_matter,,,,NA,,,,,,
juveniles,,,,NA,,,,,,
miscellaneous,,,,NA,,,,,,
Miscellaneous,,,,NA,,,,,,
mn_remains,,,,NA,,,,,,
mud,,,,NA,,,,,,
mud_detritus,,,,NA,,,,,,
NA,,,,NA,,,,,,
nonprey_items,,,,NA,,,,,,
not_identified,,,,NA,,,,,,
oocytes,,,,NA,,,,,,
Ooze,,,,NA,,,,,,
Organic  detritus,,,,NA,,,,,,
organic_mat_undet,,,,NA,,,,,,
organic_matter,,,,NA,,,,,,
organic_matter_not_identified,,,,NA,,,,,,
Organic-inorganic  debris,,,,NA,,,,,,
ova_eggs,,eggs,,NA,,,,,,
own_eggs,,eggs,,NA,,,,,,
plankton,,,,NA,,,,,,
rocks,,,,NA,,,,,,
sand,,,,NA,,,,,,
Sand,,,,NA,,,,,,
Sand grains,,,,NA,,,,,,
sand_and_silt,,,,NA,,,,,,
sand_grains,,,,NA,,,,,,
sand_silt,,,,NA,,,,,,
semi_digested_organic_matter,,,,NA,,,,,,
setac_of_oligochaetes,,,,NA,,,,,,
shad,,,,NA,,,,,,
shell_fragments,,,,NA,,,,,,
silt_biofilm,,,,NA,,,,,,
soil_debris_detritus,,,,NA,,,,,,
soil_mud_sand,,,,NA,,,,,,
spp.,,,,NA,,,,,,
surface_food,,,,NA,,,,,,
table_2_continued,,,,NA,,,,,,
terrestrial,,,,NA,,,,,,
thread,,,,NA,,,,,,
