prey_kingdom_add,prey_phylum_add,prey_subphylum_add,prey_superclass_add,prey_class_add,prey_subclass_add,prey_order_add,prey_family_add,prey_species_add,prey_taxon
Animalea,Annelida,,,Clitellata,,Hirudinea,,,leech
Animalea,Annelida,,,Clitellata,,Hirudinea,,,leeches
Animalea,Chordata,,,Mammalia,,Rodentia,,,rodents
Animalea,Platyhelminthes,,,Turbellaria,,,,,turbellaria
Animalia,Annelida,,,Clitellata,Oligochata,Opisthopora,,,earth worm
Animalia,Annelida,,,Clitellata,Oligochata,Opisthopora,,,earthworms
Animalia,Annelida,,,Clitellata,Oligochaeta,,,,oligocha eta
Animalia,Annelida,,,Clitellata,Oligochaeta,,,,oligochaete
Animalia,Annelida,,,Clitellata,Oligochaeta,,,,oligochaetea
Animalia,Annelida,,,Clitellata,Oligochaeta,,,,oligochaetes
Animalia,Annelida,,,Clitellata,Oligochaeta,,,,oligocheata
Animalia,Annelida,,,Clitellata,Oligochaeta,,,,s oligochaeta
Animalia,Annelida,,,Clitellata,,Oligochaeta,Naididae,Tubifex sp.,tubifex
Animalia,Annelida,,,Clitellata,Oligochaeta,,,,uknown oligochaeta
Animalia,Annelida,,,Clitellata,Hirudinea,,,,unknown hirudinae
Animalia,Annelida,,,,,,,,other annelids
Animalia,Arthropoda,Crustacea,,Malacostraca,,Amphipoda,Gammaridae,Gammarus pulex,g pulex
Animalia,Arthropoda,Crustacea,,Malacostraca,,Amphipoda,Gammaridae,Gammarus sp.,gamerus
Animalia,Arthropoda,Crustacea,,Malacostraca,,Amphipoda,Gammaridae,Gammarus sp.,gammaridean amphipods
Animalia,Arthropoda,Crustacea,,Malacostraca,,Amphipoda,Gammaridae,Gammarus sp.,gammarids
Animalia,Arthropoda,Crustacea,,Malacostraca,,Amphipoda,Gammaridae,Gammarus sp.,gammarua
Animalia,Arthropoda,Crustacea,,Malacostraca,,Amphipoda,Gammaridae,Gammarus aequicauda,gammarus aequicauda
Animalia,Arthropoda,Crustacea,,Malacostraca,,Amphipoda,Gammaridae,Gammarus lacustris,gammarus lacustris
Animalia,Arthropoda,Crustacea,,Malacostraca,,Amphipoda,Gammaridae,Gammarus pulex,gammarus pulex
Animalia,Arthropoda,Crustacea,,Malacostraca,,Amphipoda,Gammaridae,Gammarus sp.,gammarus sp
Animalia,Arthropoda,Crustacea,,Ostracoda,,,,,unid ostracoda
Animalia,Arthropoda,Crustacea,,,,,,,benthic crustacea
Animalia,Arthropoda,Crustacea,,,,,,,crustacea gammarus
Animalia,Arthropoda,Crustacea,,,,,,,crustacea unidentifed
Animalia,Arthropoda,Crustacea,,,,,,,crustacean appendages
Animalia,Arthropoda,Crustacea,,,,,,,crustacean eggs
Animalia,Arthropoda,Crustacea,,,,,,,crustacean larvae
Animalia,Arthropoda,Crustacea,,,,,,,crustacean remains
Animalia,Arthropoda,Crustacea,,,,,,,crustaceans
Animalia,Arthropoda,Crustacea,,,,,,,fragment crustacean
Animalia,Arthropoda,Crustacea,,,,,,,micro crustacea
Animalia,Arthropoda,Crustacea,,,,,,,microcrustacea
Animalia,Arthropoda,Crustacea,,,,,,,microcrustaceans
Animalia,Arthropoda,Crustacea,,,,,,,microcustaceans
Animalia,Arthropoda,Crustacea,,,,,,,planktonic crustacea
Animalia,Arthropoda,Crustacea,,,,Decapoda,,,small crab
Animalia,Arthropoda,Crustacea,,,,,,,small crustaceans
Animalia,Arthropoda,Crustacea,,,,,,,unid crustacea
Animalia,Arthropoda,Crustacea,,,,,,,unidentifed crustaceans
Animalia,Arthropoda,Crustaceae,,,,,,,other crustacea
Animalia,Arthropoda,Crustaceae,,,,,,,other crustaceaa
Animalia,Arthropoda,Crustaceae,,,,,,,other crustaceab
Animalia,Arthropoda,,,Arachnida,,Araneae,,,s araneida
Animalia,Arthropoda,,,Arachnida,,Araneae,,,terrestrial araneae
Animalia,Arthropoda,,,Arachnida,Acari,,,,unid acari
Animalia,Arthropoda,,,Branchipoda,,Cladocera,,,other cladocera
Animalia,Arthropoda,,,Diplopoda,,,,,s diplopoda
Animalia,Arthropoda,,,Gastropoda,,,,,other gastropoda
Animalia,Arthropoda,,,Gastropoda,,,,,other gastropods
Animalia,Arthropoda,,,Gastropoda,,,,,terrestrial snails
Animalia,Arthropoda,,,Gastropoda,,,,,unidentifed gastropoda
Animalia,Arthropoda,,,Hexanauplia,Copepoda,,,,copepod nauplii
Animalia,Arthropoda,,,Hexanauplia,Copepoda,,,,copepoda adult
Animalia,Arthropoda,,,Hexanauplia,Copepoda,Calanoida,,,copepoda calanoida
Animalia,Arthropoda,,,Hexanauplia,Copepoda,Cyclopoida,Cyclopidae,Cyclops sp.,copepoda cyclops_sp
Animalia,Arthropoda,,,Hexanauplia,Copepoda,Harpacticoida,,,copepoda harpacticoida
Animalia,Arthropoda,,,Hexanauplia,Copepoda,,,,copepoda larvae
Animalia,Arthropoda,,,Hexanauplia,Copepoda,,,,copepoda nauplii
Animalia,Arthropoda,,,Hexanauplia,Copepoda,,,,copepods 46
Animalia,Arthropoda,,,Hexanauplia,Copepoda,,,,copepods 48
Animalia,Arthropoda,,,Insecta,,Coleoptera,,,aquatic coleoptera
Animalia,Arthropoda,,,Insecta,,Diptera,,,aquatic diptera
Animalia,Arthropoda,,,Insecta,,Hemiptera,,,aquatic hemiptera
Animalia,Arthropoda,,,Insecta,,Lepidoptera,,,aquatic lepidoptera
Animalia,Arthropoda,,,Insecta,,,,,aquatic nymphs
Animalia,Arthropoda,,,Insecta,,Coleoptera,,,beetle
Animalia,Arthropoda,,,Insecta,,Coleoptera,,,beetle larvae
Animalia,Arthropoda,,,Insecta,,Trichoptera,,,caddis larvae
Animalia,Arthropoda,,,Insecta,,Trichoptera,,,caddisfles
Animalia,Arthropoda,,,Insecta,,Trichoptera,,,caddisflies
Animalia,Arthropoda,,,Insecta,,Trichoptera,,,caddisfly
Animalia,Arthropoda,,,Insecta,,Trichoptera,,,caddisfly adult
Animalia,Arthropoda,,,Insecta,,Trichoptera,,,caddisfly larvae
Animalia,Arthropoda,,,Insecta,,Trichoptera,,,caddisfly pupae
Animalia,Arthropoda,,,Insecta,,Odonata,,,damsel fly_nymph
Animalia,Arthropoda,,,Insecta,,Odonata,,,damsel fly_nymphs
Animalia,Arthropoda,,,Insecta,,Odonata,,,damselfly imagoes
Animalia,Arthropoda,,,Insecta,,Odonata,,,damselfly newt
Animalia,Arthropoda,,,Insecta,,Odonata,,,damselfly nymph
Animalia,Arthropoda,,,Insecta,,Odonata,,,damselfly nymphs
Animalia,Arthropoda,,,Insecta,,Diptera,,,dipteran larvae
Animalia,Arthropoda,,,Insecta,,Diptera,,,dipterans
Animalia,Arthropoda,,,Insecta,,Diptera,,,dipterans larvae
Animalia,Arthropoda,,,Insecta,,Diptera,,,diptere
Animalia,Arthropoda,,,Insecta,,Diptera,,,dipterian nymphs
Animalia,Arthropoda,,,Insecta,,Odonata,,,dragon fly
Animalia,Arthropoda,,,Insecta,,Odonata,,,dragon fly_adult
Animalia,Arthropoda,,,Insecta,,Odonata,,,dragon fly_nymph
Animalia,Arthropoda,,,Insecta,,Odonata,,,dragonfly imagoes
Animalia,Arthropoda,,,Insecta,,Odonata,,,dragonfly newt
Animalia,Arthropoda,,,Insecta,,Odonata,,,dragonfly nymph
Animalia,Arthropoda,,,Insecta,,Odonata,,,dragonfly nymphs
Animalia,Arthropoda,,,Insecta,,Diptera,,,large white_diptera_larvae
Animalia,Arthropoda,,,Insecta,,Coleoptera,,,larval coleoptera
Animalia,Arthropoda,,,Insecta,,Trichoptera,Leptoceridae,Leptocerus sp.,leptocerue larvae
Animalia,Arthropoda,,,Insecta,,Trichoptera,Leptoceridae,Leptocerus sp.,leptocerus
Animalia,Arthropoda,,,Insecta,,Trichoptera,Leptoceridae,Leptocerus sp.,leptocerus sp
Animalia,Arthropoda,,,Insecta,,,,,lnsecta
Animalia,Arthropoda,,,Insecta,,Ephemeroptera,,,may fly
Animalia,Arthropoda,,,Insecta,,Ephemeroptera,,,may fly_larvae
Animalia,Arthropoda,,,Insecta,,Ephemeroptera,,,may fy
Animalia,Arthropoda,,,Insecta,,Ephemeroptera,,,mayfies
Animalia,Arthropoda,,,Insecta,,Ephemeroptera,,,mayflies
Animalia,Arthropoda,,,Insecta,,Ephemeroptera,,,mayfly newt
Animalia,Arthropoda,,,Insecta,,Ephemeroptera,,,mayfly nymph
Animalia,Arthropoda,,,Insecta,,Odonata,Chironomidae,,midge larvae
Animalia,Arthropoda,,,Insecta,,Odonata,Chironomidae,,midge pupa
Animalia,Arthropoda,,,Insecta,,Odonata,,,misc zygoptera
Animalia,Arthropoda,,,Insecta,,,,,miscellaneous pupae
Animalia,Arthropoda,,,Insecta,,Coleoptera,,,other coleoptera
Animalia,Arthropoda,,,Insecta,,Diptera,,,other diptera
Animalia,Arthropoda,,,Insecta,,Diptera,,,other diptera_aq_stages
Animalia,Arthropoda,,,Insecta,,Diptera,,,other diptera_larvae
Animalia,Arthropoda,,,Insecta,,Ephemeroptera,,,other ephemeroptera
Animalia,Arthropoda,,,Insecta,,Diptera,,,other terrestrial_diptera
Animalia,Arthropoda,,,Insecta,,Hymenoptera,,,other terrestrial_hymenoptera
Animalia,Arthropoda,,,Insecta,,Coleoptera,Elmidae,,riffle beetle_l_coleoptera
Animalia,Arthropoda,,,Insecta,,Coleoptera,,,s coleoptera
Animalia,Arthropoda,,,Insecta,,Diptera,,,s diptera
Animalia,Arthropoda,,,Insecta,,Hemiptera,,,s hemiptera
Animalia,Arthropoda,,,Insecta,,Hymenoptera,,,s hymenoptera
Animalia,Arthropoda,,,Insecta,,Lepidoptera,,,s lepidoptera
Animalia,Arthropoda,,,Insecta,,Plecoptera,,,s plecoptera
Animalia,Arthropoda,,,Insecta,,Trichoptera,,,s trichoptera
Animalia,Arthropoda,,,Insecta,,Diptera,,,small green_diptera_larvae
Animalia,Arthropoda,,,Insecta,,Plecoptera,,,stonefies
Animalia,Arthropoda,,,Insecta,,Plecoptera,,,stoneflies
Animalia,Arthropoda,,,Insecta,,Plecoptera,,,stonefly newt
Animalia,Arthropoda,,,Insecta,,Hymenoptera,Formicidae,,terrestrial anta
Animalia,Arthropoda,,,Insecta,,Hymenoptera,Formicidae,,terrestrial ants
Animalia,Arthropoda,,,Insecta,,,,,terrestrial coleoptera
Animalia,Arthropoda,,,Insecta,,,,,terrestrial damselflies
Animalia,Arthropoda,,,Insecta,,,,,terrestrial diptera
Animalia,Arthropoda,,,Insecta,,,,,terrestrial dragonflies
Animalia,Arthropoda,,,Insecta,,,,,terrestrial hemiptera
Animalia,Arthropoda,,,Insecta,,,,,terrestrial homoptera
Animalia,Arthropoda,,,Insecta,,,,,terrestrial hornoptera
Animalia,Arthropoda,,,Insecta,,,,,terrestrial lepidoptera
Animalia,Arthropoda,,,Insecta,,,,,terrestrial neuroptera
Animalia,Arthropoda,,,Insecta,,Trichoptera,,,trichoptcra larvae
Animalia,Arthropoda,,,Insecta,,Trichoptera,,,trichopterans
Animalia,Arthropoda,,,Insecta,,Trichoptera,,,trichopterus
Animalia,Arthropoda,,,Insecta,,Trichoptera,Leptoceridae,Triplctides obsolete,triplectides obsolete
Animalia,Arthropoda,,,Insecta,,Hymenoptera,,,unid hymenoptera_adult
Animalia,Arthropoda,,,Insecta,,Diptera,,,unidentifed diptera
Animalia,Arthropoda,,,Insecta,,Hemiptera,,,unidentifed hemiptera
Animalia,Arthropoda,,,Insecta,,Hymenoptera,,,unidentifed hymenoptera
Animalia,Arthropoda,,,Insecta,,,,,unidentifed insecta
Animalia,Arthropoda,,,Insecta,,,,,unidentifed insects
Animalia,Arthropoda,,,Insecta,,Odonata,,,unidentifed odonata
Animalia,Arthropoda,,,Insecta,,Ortoptera,,,unidentifed orthoptera
Animalia,Arthropoda,,,Insecta,,Trichoptera,,,unidentifed trichoptera
Animalia,Arthropoda,,,Insecta,,Coleoptera,,,unidentified coleoptera_adult
Animalia,Arthropoda,,,Insecta,,Diptera,,,unidentified dipterous_adults
Animalia,Arthropoda,,,Insecta,,Hemiptera,,,unidentified hemiptera_adult
Animalia,Arthropoda,,,Insecta,,Hymenoptera,,,unidentified hymenoptera_adult
Animalia,Arthropoda,,,Insecta,,,,,unidentified pupa
Animalia,Arthropoda,,,Insecta,,,,,unidentified pupae
Animalia,Arthropoda,,,Insecta,,Hemiptera,,,unknown hemiptera
Animalia,Arthropoda,,,Insecta,,Diptera,,,unkown diptera_larvae
Animalia,Arthropoda,,,Insecta,,Coleoptra,,,water beetles_coleoptera
Animalia,Arthropoda,,,Insecta,,Coleoptra,Gyrinidae,,whirligig beetle
Animalia,Arthropoda,,,Malacostraca,,Isopoda,,,isopod
Animalia,Arthropoda,,,Malacostraca,,Isopoda,,,isopods
Animalia,Arthropoda,,,Malacostraca,,Isopoda,,,s isopoda
Animalia,Arthropoda,,,Malacostraca,,Isopoda,,,unknown isopoda
Animalia,Arthropoda,,,,,,,,aquatic invertebrates_u
Animalia,Arthropoda,,,,,,,,other aquatic_invertebratec
Animalia,Arthropoda,,,,,,,,other aquatic_invertebrates
Animalia,Arthropoda,,,,,,,,other invertebrates
Animalia,Arthropoda,,,,,,,,other inverts
Animalia,Arthropoda,,,,,,,,others invert
Animalia,Arthropoda,,,,,,,,terrestrial arthropods
Animalia,Arthropoda,,,,,,,,terrestrial invertebrates
Animalia,Arthropoda,,,,,,,,unidentified invertebrates
Animalia,Arthropopda,,,Insecta,,Diptera,Simuliidae,Simulium sp.,simulium
Animalia,Arthropopda,,,Insecta,,Diptera,Simuliidae,Simulium sp.,simulium metomphalus_sp
Animalia,Arthropopda,,,Insecta,,Diptera,Simuliidae,Simulium sp.,simulium metomphalus_vorax
Animalia,Arthropopda,,,Insecta,,Diptera,Simuliidae,Simulium sp.,simulium sp
Animalia,Arthropopda,,,Insecta,,Diptera,Simuliidae,Simulium sp.,simulium venustum_larvae
Animalia,Arthropopda,,,Insecta,,Diptera,Simuliidae,Simulium sp.,sintulium imagines
Animalia,Arthropopda,,,Insecta,,Diptera,Simuliidae,Simulium sp.,sintulium larvae
Animalia,Arthropopda,,,Insecta,,Diptera,Simuliidae,Simulium sp.,sintulium pupae
Animalia,Chordata,Actinopterygii,,Osteichthyes,,,,,osteichthyes
Animalia,Chordata,Actinopterygii,,Osteichthyes,,,,,osteichthyes eggs
Animalia,Chordata,Actinopterygii,,Osteichthyes,,,,,osteichthyes fry
Animalia,Chordata,Actinopterygii,,,,,,,otoliths
Animalia,Chordata,Vertebrata,,,,,,,terrestrial vertebrates
Animalia,Chordata,,Osteichthyes,Actinopterygii,,Perciformes,Centrarchidae,,unidentified centrachidae
Animalia,Chordata,,Osteichthyes,Actinopterygii,,Cypriniformes,Cyprinidae,,unidentified cyprinidae
Animalia,Chordata,,Osteichthyes,Actinopterygii,,Siluriformes,Ictaluridae,,unidentified ictaluridae
Animalia,Chordata,,Osteichthyes,,,,,,fins
Animalia,Chordata,,Osteichthyes,,,Perciformes,Sciaenidae,Aplodinotus grunniens,freshwater drum
Animalia,Chordata,,Osteichthyes,,,Clupeiformes,Clupeidae,Dorosoma cepedianum,gizzard shad
Animalia,Chordata,,Osteichthyes,,,Cypriniformes,Cyprinidae,Ctenopharyngodon idellus,grass carp_ctenopharyngodon_idellus_cuvier_and_valenciennes_cyprinidae
Animalia,Chordata,,Osteichthyes,,,Perciformes,Gobiidae,Tasmanogobius lasti,lagoon goby
Animalia,Chordata,,Osteichthyes,,,Salmoniformes,Salmonidae,Salvelinus namaycush,lake trout
Animalia,Chordata,,Osteichthyes,,,Perciformes,Percidae,Percina sp.,log perch
Animalia,Chordata,,Osteichthyes,,,Siluriformes,Ictaluridae,Noturs insignis,margined madtom
Animalia,Chordata,,Osteichthyes,,,Cypriniformes,Cyprinidae,Pseudorasbora parva,minnow pseudorasbora_parva_temminck_and_schlegel_cyprinidae
Animalia,Chordata,,Osteichthyes,,,,,,minnows
Animalia,Chordata,,Osteichthyes,,,Perciformes,Centrachidae,Ambloplites rupestris,rock bass
Animalia,Chordata,,Osteichthyes,,,Gobiiformes,Gobiidae,Neogobius melanostomus,round goby
Animalia,Chordata,,Osteichthyes,,,Salmoniformes,Salmonidae,Salvelinus sp.,salarvaevelinus
Animalia,Chordata,,Osteichthyes,,,Salmoniformes,Salmonidae,Salmo trutta,salmo trutta
Animalia,Chordata,,Osteichthyes,,,Salmoniformes,Salmonidae,,salmon
Animalia,Chordata,,Osteichthyes,,,Salmoniformes,Salmonidae,,salmonid eggs
Animalia,Chordata,,Osteichthyes,,,Salmoniformes,Salmonidae,Salvelinus sp.,salvelinus
Animalia,Chordata,,Osteichthyes,,,Salmoniformes,Salmonidae,Salvelinus namaycush,salvelinus namaycush
Animalia,Chordata,,Osteichthyes,,,Salmoniformes,Salmonidae,Salvelinus sp.,salyelinus
Animalia,Chordata,,Osteichthyes,,,Siluriformes,,,siluriformes
Animalia,Chordata,,Osteichthyes,,,Siluriformes,,,siluriforms
Animalia,Chordata,,Osteichthyes,,,Cypriniformes,Cyprinidae,Hypophthalmichthys molitrix,silver carp_hypophthalmichthys_molitrix_cuvier_and_valenciennes_cyprinidae
Animalia,Chordata,,Osteichthyes,,,,,,sm whole_fsh
Animalia,Chordata,,Osteichthyes,,,Characiformes,Characidae,,small characidae
Animalia,Chordata,,Osteichthyes,,,,,,small fsh
Animalia,Chordata,,Osteichthyes,,,Perciformes,Centrarchidae,Micropterus dolomieu,smallmouth bass
Animalia,Chordata,,Osteichthyes,,,Atheriniformes,Atherinidae,Atherinosoma microstoma,smallmouth hardyhead
Animalia,Chordata,,Osteichthyes,,,Perciformes,Gobiidae,Afurcagobius tamarensis,tamar river_goby
Animalia,Chordata,,Osteichthyes,,,,,,unidentified pisces_remains
Animalia,Chordata,,,Actinopterygii,,Esociformes,Esocidae,Esox lucius,esox lucius
Animalia,Chordata,,,Actinopterygii,,Esociformes,Esocidae,Esox lucius,exos lucius
Animalia,Chordata,,,Amphibia,,Anura,,,frog
Animalia,Chordata,,,Amphibia,,Anura,,,frog tadpole
Animalia,Chordata,,,Amphibia,,Anura,,,frogs
Animalia,Chordata,,,Amphibia,,,,,tadpole
Animalia,Chordata,,,Aves,,,,,feathers
Animalia,Chordata,,,Mammalia,,,,,mammals
Animalia,Chordata,,,Mammalia,,Rodentia,,,mice
Animalia,Chordata,,,Reptilia,,Testudines,,,turtle
Animalia,Mollusca,,,Bivalvia,,Myida,Dreissenidae,Dreissena polymorpha,zebra mussels
Animalia,Mollusca,,,Gastropoda,,,,,gastropod
Animalia,Mollusca,,,Gastropoda,,Littorinimorpha,Hydrobiidae,,gastropoda hydrobiidae
Animalia,Mollusca,,,Gastropoda,,,,,gatropods
Animalia,Mollusca,,,Gastropoda,,,,,veliger
Animalia,Mollusca,,,Gastropoda,,,,,veliger larvae
Animalia,Mollusca,,,Gastropoda,,,,,veligers
Animalia,Mollusca,,,,,,,,mol iusca
Animalia,Mollusca,,,,,,,,mollusc
Animalia,Mollusca,,,,,,,,mollusc remains_shells
Animalia,Mollusca,,,,,,,,molluska
Animalia,Mollusca,,,,,,,,mollusks
Animalia,Mollusca,,,,,,,,molusc
Animalia,Mollusca,,,,,,,,s mollusca
Animalia,Nematoda,,,,,,,,unown nematoda
Animalia,Rotifera,,,Bdelloidea,,,Philodinidae,Rotaria sp.,rotaria sp
Animalia,Rotifera,,,,,,,,protozoa and_rotifera
Animalia,Rotifera,,,,,,,,rotatoria
Animalia,Rotifera,,,,,,,,rotifere
Animalia,Rotifera,,,,,,,,rotifers
Animalia,,,Osteichthyes,Actinopterygii,,Siluriformes,,,catfish fry
Animalia,,,Osteichthyes,Actinopterygii,,Cyprinodontiformes,,,killifish
Animalia,,,Osteichthyes,Actinopterygii,,Perciformes,Scianidae,Plagioscion squamosissimus,plagioscion squamosissimus_fish_fry
Animalia,,,Osteichthyes,Actinopterygii,,Perciformes,Centrarchidae,Lepomis auritus,redbreast sunfish
Animalia,,,Osteichthyes,Actinopterygii,,,,,walleye pike
Animalia,,,Osteichthyes,Actinopterygii,,Perciformes,Moronidae,Morone chrysops,white bass
Animalia,,,Osteichthyes,Actinopterygii,,Perciformes,Percidae,Perca flavescens,yellow perch
Animalia,,,Osteichthyes,Characiformes,,,,,fish characiformes
Animalia,,,Osteichthyes,,,Perciformes,,,bass
Animalia,,,Osteichthyes,,,Cypriniformes,Cyprinidae,Aristichthys nobilis,bighead aristichthys_nobilis_richardson_cyprinidae
Animalia,,,Osteichthyes,,,Cypriniformes,Cyprinidae,Mylopharyngodon piceus,black carp_mylopharyngodon_piceus_richardson_cyprinidae
Animalia,,,Osteichthyes,,,Cypriniformes,Cyprinidae,Megalobrama amblycephala,bluntnose bream_megalobrama_amblycephala_yih_cyprinidae
Animalia,,,Osteichthyes,,,Cypriniformes,Cyprinidae,Notropis amoenus,comely shiner
Animalia,,,Osteichthyes,,,Cypriniformes,Cyprinidae,Cyprinus carpio,common carp
Animalia,,,Osteichthyes,,,,,,fish and_fish_remains
Animalia,,,Osteichthyes,,,,,,fish and_frogs
Animalia,,,Osteichthyes,,,,,,fish bait
Animalia,,,Osteichthyes,,,,,,fish bone
Animalia,,,Osteichthyes,,,,,,fish egg
Animalia,,,Osteichthyes,,,,,,fish eggs
Animalia,,,Osteichthyes,,,,,,fish fesh
Animalia,,,Osteichthyes,,,,,,fish fins
Animalia,,,Osteichthyes,,,,,,fish flesh
Animalia,,,Osteichthyes,,,,,,fish flesh_fragments
Animalia,,,Osteichthyes,,,,,,fish fns
Animalia,,,Osteichthyes,,,,,,fish fry
Animalia,,,Osteichthyes,,,,,Galaxius maculatus,fish galaxias_maculatus_juvenile
Animalia,,,Osteichthyes,,,,,,fish larva
Animalia,,,Osteichthyes,,,,,,fish larvae
Animalia,,,Osteichthyes,,,,,,fish muscle
Animalia,,,Osteichthyes,,,,,,fish parts
Animalia,,,Osteichthyes,,,,,,fish pieces
Animalia,,,Osteichthyes,,,,,,fish remain
Animalia,,,Osteichthyes,,,,,,fish remains
Animalia,,,Osteichthyes,,,,,,fish remains_sc_ales_bones_eggs_etc
Animalia,,,Osteichthyes,,,,,,fish roe
Animalia,,,Osteichthyes,,,,,,fish scale
Animalia,,,Osteichthyes,,,,,,fish scales
Animalia,,,Osteichthyes,,,,,,fish u
Animalia,,,Osteichthyes,,,,,,fish unidentified
Animalia,,,Osteichthyes,,,,,,fish vertebrae
Animalia,,,Osteichthyes,,,,,,fish young
Animalia,,,Osteichthyes,,,,,,miscellaneous fish_larvae
Animalia,,,Osteichthyes,,,,,,other fish
Animalia,,,Osteichthyes,,,,,,other fishb
Animalia,,,Osteichthyes,,,,,,parts of_fishes
Animalia,,,Osteichthyes,,,,,,sm whole_fish
Animalia,,,Osteichthyes,,,,,,small fish
Animalia,,,Osteichthyes,,,,,,unidentifable fsh_tissue
Animalia,,,Osteichthyes,,,,,,"Unidentifable
fshremains"
Animalia,,,Osteichthyes,,,,,,unidentifed fish
Animalia,,,Osteichthyes,,,,,,unidentifed fshes
Animalia,,,Osteichthyes,,,,,,unidentified fish
Animalia,,,Osteichthyes,,,,,,whole fish
Animalia,,,,Actinopterygii,,Cichliformes,Cichlidae,,unidentifed cichlidae
Animalia,,,,Actinopterygii,,Cypriniformes,,,unidentifed cypriniformes
Animalia,,,,Arachnida,,,,,acari
Animalia,,,,Arachnida,,Trombidiformes,,,acarina hydracarina
Animalia,,,,Arachnida,,Araneae,,,unidentifed araneae
Animalia,,,,Branchiopoda,,Anomopoda,Chydoridae,Acroperus sp.,acroperus
Animalia,,,,Branchiopoda,,Anomopoda,Chydoridae,Acroperus harpae,acroperus harpae
Animalia,,,,Hexanauplia,Copepoda,,,,unidentified copepods
Animalia,,,,Insecta,,Diptera,Chironomidae,Ablabesmyia sp.,ablabesmyia
Animalia,,,,Insecta,,Diptera,Chironomidae,Ablabesmyia sp.,ablabesmyia sp
Animalia,,,,Insecta,,Diptera,Chironomidae,Ablabesmyia sp.,ablabesmyia sp_larvae
Animalia,,,,Insecta,,,Perlidae,Acroneuria and Perla sp.,acroneuria and_perla_nymphs
Animalia,,,,Insecta,,,Perlidae,Acroneuria sp.,acroneuria sp
Animalia,,,,Insecta,,Coleoptera,Coccinellidae,Adalia bipunctata,adalia bipunctata
Animalia,,,,Insecta,,Hymenoptera,Andrenidae,Andrena,adrena sp
Animalia,,,,Insecta,,Diptera,Chironomidae,,adult chironomid
Animalia,,,,Insecta,,Coleoptera,,,adult coleoptera
Animalia,,,,Insecta,,Diptera,Scathophagidae,Aecothea sp.,aecothea sp
Animalia,,,,Insecta,,,,,aerial insects
Animalia,,,,Insecta,,Odonata,Aeshnidae,Aeshna sp.,aeshna
Animalia,,,,Insecta,,,,,amphibious insects_postlarval_stages
Animalia,,,,Insecta,,,,,aquatic immature_insects
Animalia,,,,Insecta,,,,,aquatic insects
Animalia,,,,Insecta,,Diptera,Chironomidae,Chironomus sp.,chironamus modestus_pupae
Animalia,,,,Insecta,,Diptera,Chironomidae,,chironomid adult
Animalia,,,,Insecta,,Diptera,Chironomidae,,chironomid larva
Animalia,,,,Insecta,,Diptera,Chironomidae,,chironomid larvae
Animalia,,,,Insecta,,Diptera,Chironomidae,,chironomid pupae
Animalia,,,,Insecta,,Diptera,Chironomidae,,chironomid pupae_and_larvae
Animalia,,,,Insecta,,Diptera,Chironomidae,,chironomid pupal_skins
Animalia,,,,Insecta,,Diptera,Chironomidae,,chironomid tube_remains
Animalia,,,,Insecta,,Diptera,Chironomidae,,chironomidac larvae_and_pupae
Animalia,,,,Insecta,,Diptera,Chironomidae,,chironomidade larvae_and_pupae
Animalia,,,,Insecta,,Diptera,Chironomidae,,chironomids
Animalia,,,,Insecta,,Diptera,Chironomidae,,chironomini n_det
Animalia,,,,Insecta,,Diptera,Chironomidae,Chironomus sp.,chironomous larvae
Animalia,,,,Insecta,,Diptera,Chironomidae,Chironomus sp.,chironomous pupae
Animalia,,,,Insecta,,Diptera,Chironomidae,Chironomus sp.,chironomus
Animalia,,,,Insecta,,Diptera,Chironomidae,Chironomus sp.,chironomus egg
Animalia,,,,Insecta,,Diptera,Chironomidae,Chironomus sp.,chironomus eggs
Animalia,,,,Insecta,,Diptera,Chironomidae,Chironomus sp.,chironomus larvae
Animalia,,,,Insecta,,Diptera,Chironomidae,Chironomus modestus,chironomus modestus_larvae
Animalia,,,,Insecta,,Diptera,Chironomidae,Chironomus sp.,chironomus pupae
Animalia,,,,Insecta,,Diptera,Chironomidae,Chironomus sp.,chironomus sp
Animalia,,,,Insecta,,Diptera,Chironomidae,Chironomus sp.,chirononus larvae
Animalia,,,,Insecta,,Diptera,Chironomidae,Chironomus sp.,chironormis pupae
Animalia,,,,Insecta,,Diptera,Chironomidae,Chironomus sp.,chironormus pupae
Animalia,,,,Insecta,,Diptera,Chironomidae,Cryptochironomus sp.,cryptochironomus
Animalia,,,,Insecta,,Diptera,Chironomidae,Cryptochironomus sp.,cryptochironomus sp_larvae
Animalia,,,,Insecta,,,,,emerging aquatic_insects
Animalia,,,,Insecta,,Diptera,Chironomidae,Endochironomus sp.,endochironomous
Animalia,,,,Insecta,,Diptera,Chironomidae,Endochironomus sp.,endochironomus
Animalia,,,,Insecta,,Coleoptera,,,forminadea coleoptera
Animalia,,,,Insecta,,,,,fragment of_adult_insects
Animalia,,,,Insecta,,,,,fragments of_aquatic_insects
Animalia,,,,Insecta,,,,,fragments of_insects
Animalia,,,,Insecta,,Diptera,Chironomidae,Goeldochironomus sp.,goeldichironomus sp_larvae
Animalia,,,,Insecta,,,,,insect
Animalia,,,,Insecta,,,,,insect appendages
Animalia,,,,Insecta,,,,,insect eggs
Animalia,,,,Insecta,,,,,insect fragments
Animalia,,,,Insecta,,,,,insect larvae
Animalia,,,,Insecta,,,,,insect legs
Animalia,,,,Insecta,,,,,insect organs
Animalia,,,,Insecta,,,,,insect parts
Animalia,,,,Insecta,,,,,insect parts_and_remains
Animalia,,,,Insecta,,,,,insect pupae
Animalia,,,,Insecta,,,,,insect remain
Animalia,,,,Insecta,,,,,insect remains
Animalia,,,,Insecta,,,,,insecta adult
Animalia,,,,Insecta,,,,,insecta adults
Animalia,,,,Insecta,,,,,insecta larvae
Animalia,,,,Insecta,,,,,insecteggs
Animalia,,,,Insecta,,,,,insects eggs
Animalia,,,,Insecta,,,,,insects larvae_fragments
Animalia,,,,Insecta,,,,,insects pupae
Animalia,,,,Insecta,,,,,insects remains
Animalia,,,,Insecta,,,,,jawed insects
Animalia,,,,Insecta,,,,,misc aq_insecta
Animalia,,,,Insecta,,,,,misc aqautic_insects
Animalia,,,,Insecta,,,,,misc terrestrial_insects
Animalia,,,,Insecta,,,,,miscellaneous insect
Animalia,,,,Insecta,,,,,miscellaneous insecta
Animalia,,,,Insecta,,Odonata,,,odonata adult
Animalia,,,,Insecta,,Odonata,,,odonata aquatic
Animalia,,,,Insecta,,Odonata,,,odonata larva
Animalia,,,,Insecta,,Odonata,,,odonata larvae
Animalia,,,,Insecta,,Odonata,,,odonata nymph
Animalia,,,,Insecta,,Odonata,,,odonata nymphs
Animalia,,,,Insecta,,Odonata,,,odonata nymphs_fragments
Animalia,,,,Insecta,,Odonata,Gomphidae,Onychogomphus forcipatus,odonata onychogomphus_forcipatus
Animalia,,,,Insecta,,Odonata,,,odonata remains
Animalia,,,,Insecta,,Odonata,,,odonata unidentified
Animalia,,,,Insecta,,Odonata,,,odonata unidentified_32
Animalia,,,,Insecta,,Odonata,,,odonata unidentified_53
Animalia,,,,Insecta,,Odonata,,,odonatan nymph
Animalia,,,,Insecta,,Odonata,,,odonatans
Animalia,,,,Insecta,,Odonata,,,odonate
Animalia,,,,Insecta,,Diptera,Chironomidae,Orthocladius sp.,orthocladius
Animalia,,,,Insecta,,Diptera,Chironomidae,Orthocladius sp.,orthocladius adult
Animalia,,,,Insecta,,Diptera,Chironomidae,Orthocladius sp.,orthocladius larvae
Animalia,,,,Insecta,,Diptera,Chironomidae,Orthocladius sp.,orthocladius pupae
Animalia,,,,Insecta,,Diptera,Chironomidae,Orthocladius sp.,orthocladius pupae_33
Animalia,,,,Insecta,,Diptera,Chironomidae,Orthocladius sp.,orthocladius pupae_34
Animalia,,,,Insecta,,Diptera,Chironomidae,Orthocladius sp.,orthocladius sp
Animalia,,,,Insecta,,,,,other aquatic_insects
Animalia,,,,Insecta,,,,,other insect_adult
Animalia,,,,Insecta,,,,,other insect_larvae
Animalia,,,,Insecta,,,,,other insecta
Animalia,,,,Insecta,,,,,other insectb
Animalia,,,,Insecta,,,,,other insects
Animalia,,,,Insecta,,,,,others insects_aquatic
Animalia,,,,Insecta,,,,,others insects_terrestrial
Animalia,,,,Insecta,,Diptera,Chironomidae,Psectrochironomus sp.,psectrochironomus
Animalia,,,,Insecta,,,,,remnants of_insects
Animalia,,,,Insecta,,,,,restos de_insectos
Animalia,,,,Insecta,,,,,small insect
Animalia,,,,Insecta,,Diptera,Chironomidae,Stictochironomus sp.,stictochironomus
Animalia,,,,Insecta,,,,,terr insecta
Animalia,,,,Insecta,,,,,terrestrial insecta
Animalia,,,,Insecta,,,,,terrestrial insects
Animalia,,,,Insecta,,,,,terrestrial insects_and_spiders
Animalia,,,,Insecta,,,,,terrestrial insectsb
Animalia,,,,Insecta,,,,,unident insects
Animalia,,,,Insecta,,,,,unidentifable insects
Animalia,,,,Insecta,,Coleoptera,,,unidentifed coleoptera
Animalia,,,,Insecta,,,,,unidentified insect
Animalia,,,,Insecta,,,,,unidentified insect_35
Animalia,,,,Insecta,,,,,unidentified insect_46
Animalia,,,,Insecta,,,,,unidentified insect_56
Animalia,,,,Insecta,,,,,unidentified insect_adult
Animalia,,,,Insecta,,,,,unidentified insecta_adults
Animalia,,,,Insecta,,,,,unidentified insects
Animalia,,,,Insecta,,,,,unidentified terrestrial_insects
Animalia,,,,Malacostraca,,Mysida,Mysidae,Acanthomysis sp.,acanthomysis
Animalia,,,,Malacostraca,,Decapoda,,,crayfish prawn
Animalia,,,,Malacostraca,,Decapoda,,,crayfishes
Animalia,,,,Malacostraca,,,,,other malacostracans
Animalia,,,,,,,,,gelatinous egg_cases
Animalia,,,,,,,,,molluscs fish_oligochaeta
Animalia,,,,,,,,,unidentifed invertebrates
Animalia,,,,,,,,,vegetation dwelling_prey
Chromista,,,,,,,,,zooplankton
Chromista,,,,,,,,,zooplanktona
Fungi,,,,,,,,,fungus
Plantae,Chlorophyta,,,Ulvophyceae,,Ulotrichales,Ulotrichaceae,Ulothrix sp.,ulothrix sp
Plantae,,,,Zygnemophyceae,,Desmidiales,Desmidiaceae,Actinotaenium sp.,actinotaenium sp
Plantae,,,,,,,,,aquatic higher_plants
Plantae,,,,,,,,,aquatic plants
Plantae,,,,,,,,,filament algae
Plantae,,,,,,,,,filamentous algae
Plantae,,,,,,,,,fruits and_seeds
Plantae,,,,,,,,,higher plant_parts
Plantae,,,,,,,,,higher plants
Plantae,,,,,,,,,macronhyte fruits
Plantae,,,,,,,,,macrophyte fruits
Plantae,,,,,,,,,material vegetal
Plantae,,,,,,,,,other algae
Plantae,,,,,,,,,other macrophyte
Plantae,,,,,,,,,plankton
Plantae,,,,,,,,,plankton 25
Plantae,,,,,,,,,plankton 26
Plantae,,,,,,,,,planktonic algae
Plantae,,,,,,,,,plant
Plantae,,,,,,,,,plant debris
Plantae,,,,,,,,,plant detritus
Plantae,,,,,,,,,plant fragments
Plantae,,,,,,,,,plant leaves
Plantae,,,,,,,,,plant materia
Plantae,,,,,,,,,plant material
Plantae,,,,,,,,,plant material_algae_etc
Plantae,,,,,,,,,plant material_gall
Plantae,,,,,,,,,plant materials
Plantae,,,,,,,,,plant matter
Plantae,,,,,,,,,plant matter_unidentified
Plantae,,,,,,,,,plant parts
Plantae,,,,,,,,,plant remains
Plantae,,,,,,,,,plant seeds
Plantae,,,,,,,,,plant tissue
Plantae,,,,,,,,,plant tissues
Plantae,,,,,,,,,terrestrial plants
Plantae,,,,,,,,,tree bark_leaves_roots
Plantae,,,,,,,,,unicellular algae
Plantae,,,,,,,,,unidentified algae
Plantae,,,,,,,,,unidentified phytoplankton
Plantae,,,,,,,,,uroglena
Plantae,,,,,,,,,vascular plants
Plantae,,,,,,,,,vegetable mat
Plantae,,,,,,,,,vegetables
Plantae,,,,,,,,,vegetal matter
Plantae,,,,,,,,,vegetal remains
Plantae,,,,,,,,,vegetals
Plantae,,,,,,,,,vegetation
Plantae,,,,,,,,,vegetation u
,Cyanobacteria,,,Cyanophyceae,,Nostocales,Rivulariaceae,Rivularia sp.,rivularia sp
,Ochrophyta,,,Bacillariophyceae,,Bacillariales,Bacillariaceae,Nitzschia sp.,nitzchia sp
,Ochrophyta,,,Bacillariophyceae,,Bacillariales,Bacillariaceae,Nitzschia sp.,nitzschia sp
,Ochrophyta,,,Bacillariophyceae,,,,,other diatoms
,Ocrophyta,,,Bacillariophyceae,,,,,large pennate_diatom
,,,,Fragilariophyceae,,,Fragilariaceae,Fragiliaria,fragilaria
,,,,Fragilariophyceae,,,Fragilariaceae,Fragiliaria,fragilaria sp
,,,,Fragilariophyceae,,,Fragilariaceae,Fragiliaria,fragilaria_sp_1_150_<U+00B5>m
,,,,Fragilariophyceae,,,Fragilariaceae,Fragiliaria,fragilaria_sp_2_8_<U+00B5>m_215_<U+00B5>m
,,,,Fragilariophyceae,,,Fragilariaceae,Fragiliaria,fragilaria_sp_3_8_320_<U+00B5>m
,,,,Fragilariophyceae,,,Fragilariaceae,Fragiliaria,fragilaria_sp_4_10_<U+00B5>m_200_250_<U+00B5>m
,,,,Fragilariophyceae,,,Fragilariaceae,Fragiliaria,fragilaria_sp_5_400_<U+00B5>m
,,,,Fragilariophyceae,,,Fragilariaceae,Fragiliaria,fragilaria_sp_6_370_500_<U+00B5>m
